id,text,domain,priority,language,channel,timestamp
1,सुझाव: Hauz Khas के पार्क में और बेंच लगाई जाएं। कृपया जल्दी करें,Other / Unknown,Low,hi,web,2025-01-17T07:01:29
2,Suggestion: upgrade old wiring near Shastri Nagar sometime this year. please help please look into this,Electricity,Low,en,app,2025-04-22T09:17:37
3,"Rohini me sadak ki halat 2 hafto se kharab hai, please theek karwao. suggestion",Roads,Medium,hinglish,phone,2025-05-23T13:19:02
4,"Salt Lake ke paas paani ke pipe se halka leak hai, urgent nahi par check karwa lena. urgent hai",Water,Low,hinglish,web,2025-02-11T14:10:00
5,There is a large pothole on the road near Hauz Khas causing traffic jams for 5 days.,Roads,Medium,en,web,2025-05-25T01:29:43
6,"Ward 7 में रात को निर्माण कार्य का बहुत शोर हो रहा है, एक महीने से यही हाल है। जरूरी नहीं",Other / Unknown,Medium,hi,web,2025-01-21T14:52:23
7,"Dwarka Sector 9 के पास पीने के पानी में सीवेज मिल रहा है, परिवार बीमार पड़ रहे हैं, तत्काल ध्यान दें। बहुत परेशानी हो रही है",Water,High,hi,app,2025-02-11T16:25:51
8,"Nehru Colony के पास 2 हफ्तों से मच्छरों का प्रकोप बढ़ है, लोग बीमारी फैलने से डर रहे हैं।",Health,Medium,hi,app,2025-05-24T22:01:49
9,"Minor drrip from a water pipe near Koramangala, not urgent but should be checked.",Water,Low,en,web,2025-05-21T16:47:38
10,"Minor voltage flicker naer Andheri West, not urgent but worth checking. urgent!!!",Electricity,Low,en,phone,2025-03-26T04:53:18
11,"Malviya Nagar के पास एक हफ्ते से बिजली बार-बार जा रही है, उपकरण खराब हो रहे हैं।",Electricity,Medium,hi,app,2025-04-06T09:16:01
12,"Salt Lake ke paas sadak me bahut bada gaddha hai jiski wajah se kal accident ho gaya, please turant fix karo. halat bigad rahi hai",Roads,High,hinglish,phone,2025-04-17T22:55:44
13,There is a large pothole on road near Andheri West causing traffic jams for a week.,Roads,Medium,en,whatsapp,2025-05-19T16:57:49
14,"Patel Nagar ke paas ek hafte se bijli baar baar ja rahi hai, appliances kharab ho rahe hai.",Electricity,Medium,hinglish,web,2025-04-02T11:46:24
15,"Rohini me khambe ki batti 3 din se band hai, please technician bhejo.",Lights,Medium,hinglish,web,2025-02-03T03:10:42
16,"Model Town के पास स्ट्रीट लाइट 5 दिनों से बंद है और कल रात लूट हो गई, महिलाएं असुरक्षित महसूस कर रही हैं, तुरंत ठीक करें।",Lights,High,hi,app,2025-02-03T15:45:04
17,"Model Town के पास 3 दिन से कचरा नहीं उठाया गया है, डस्टबिन भर गए हैं। बहुत परेशानी हो रही है",Waste,Medium,hi,app,2025-01-08T11:36:11
18,"Gandhi Chowk के पास ट्रांसफार्मर से चिंगारी निकल रही है, बहुत खतरनाक है, आग लग सकती है, तुरंत कार्रवाई करें। हालत बिगड़ रही है",Electricity,High,hi,phone,2025-03-09T21:16:25
19,Malviya Nagar me ek mahine se baar baaar power cut ho raha hai.,Electricity,Medium,hinglish,whatsapp,2025-04-11T22:19:10
20,"Dwarka Sector 9 के पास पानी के पाइप से हल्का रिसाव है, जरूरी नहीं पर जांच करवा लें।",Water,Low,hi,whatsapp,2025-04-07T08:06:55
21,"Nehru Colony के पास एक महीने से पानी का प्रेशर बहुत कम है, टैंकर की जरूरत है।",Water,Medium,hi,web,2025-02-27T16:32:46
22,"Sewage is overflowing into homes near Malviya Nagar, extremely unhygienic and dangerous for children, urgent help needed. please help please look into this",Sanitation,High,en,phone,2025-02-10T00:34:08
23,"Ward 7 में नाली 2 हफ्तों से जाम है, बदबू फैल रही है।",Sanitation,Medium,hi,web,2025-01-09T15:40:14
24,"Civil Lines ke paas pani ki main pipeline fat gayi hai aur gharo me pani bhar raha hai, ganda jal mil raha hai, turant karwai karo. urgent hai",Water,High,hinglish,whatsapp,2025-03-30T05:57:12
25,"Minor crack developing on the footpath nar Andheri West, suggest repairing before monsoon. need this fixed",Roads,Low,en,web,2025-03-12T05:16:04
26,"Indira Nagar के पास एक स्ट्रीट लाइट थोड़ी धीमी है, जरूरी नहीं बदल दी जाए तो अच्छा है।",Lights,Low,hi,app,2025-04-20T23:51:55
27,"Dwarka Sector 9 के नाली 2 हफ्तों से बंद है, पानी जमा हो रहा है। कृपया जल्दी करें",Sanitation,Medium,hi,whatsapp,2025-02-12T17:53:39
28,"Ashok Vihar के पास हल्का कचरा जमा हो रहा है, जरूरी नहीं पर देख लें।",Waste,Low,hi,whatsapp,2025-03-18T20:45:47
29,"Water supply near Mayur Vihar has been irregular for a week, taps run dry most mornings. please help",Water,Medium,en,web,2025-02-03T22:22:21
30,Suggestion: MG Road me kachra uthane ki frequency hafte me do baar kar di jaye. urgent hai,Waste,Low,hinglish,web,2025-05-12T17:51:54
31,"Green Park ke paas 3 din se paani ka pressure bahut kam hai, tanker ki zarurat hai. pls jaldi karo",Water,Medium,hinglish,phone,2025-06-22T19:26:19
32,Suggestion: MG Road ki purani wiring is saal badal di jaye.,Electricity,Low,hinglish,web,2025-02-15T17:44:58
33,"Dwarka Sector 9 ke paas naali ek hafte se bad hai, pani jama ho raha hai. suggestion",Sanitation,Medium,hinglish,phone,2025-04-19T23:33:13
34,सुझाव: Kalkaji की खुली नाली को सुरक्षा लिए ढक दिया जाए।,Sanitation,Low,hi,app,2025-05-06T16:13:05
35,"Low water pressure near Gandhi Chowk for 10 days now, tankers needed in the meantime. not urgent",Water,Medium,en,app,2025-02-24T00:47:52
36,Suggestion: Gandhi Chowk me kachra uthane ki frequency hafte me do baar di jaye.,Waste,Low,hinglish,phone,2025-02-25T22:21:13
37,Civil Lines के पास पानी के पाइप से हल्का रिसाव जरूरी नहीं पर जांच करवा लें।,Water,Low,hi,app,2025-01-15T06:03:22
38,Ashok Vihar के पास सड़क में 2 हफ्तों से गड्ढा है जिससे ट्रैफिक जाम हो रहा है। बहुत परेशानी हो रही है,Roads,Medium,hi,phone,2025-04-26T16:07:08
39,"Ward 12 के पास पानी की मुख्य पाइपलाइन फट गई है और घरों में पानी भर रहा है, गंदा पानी मिल रहा है, तुरंत कार्रवाई करें।",Water,High,hi,web,2025-03-09T07:38:03
40,"The drain near Andheri West has been blocked for 10 days, water is stagnating. pls fix asap",Sanitation,Medium,en,whatsapp,2025-04-17T06:31:50
41,"Patel Nagar के पास बड़ी आग लगने का खतरा बताया गया है, प्रशासन तुरंत कार्रवाई करे।",Other / Unknown,High,hi,whatsapp,2025-01-14T14:17:46
42,"Just a small pothole near Civil Lines, not urgent but should be patched sometime.",Roads,Low,en,whatsapp,2025-01-16T14:29:44
43,"Loud construction noise near Indira Nagar at night for a week, disturbing residents. urgent!!!",Other / Unknown,Medium,en,whatsapp,2025-05-03T23:13:10
44,"Low water pressure near Malviya Nagar for 3 days now, tankers needed in the meantime. urgent!!! whenever convenient",Water,Medium,en,web,2025-05-01T07:04:59
45,"Mosquito breeding has increased near Ashok Vihar for 5 days, residents fear an outbreak. please help whenever convenient",Health,Medium,en,whatsapp,2025-06-10T23:05:39
46,"MG Road ke paas peene ke paani me sewage mix ho raha hai, family bimar pad rhai hai, turant dhyan do. halat bigad rahi hai",Water,High,hinglish,app,2025-01-15T09:05:01
47,"Water supply near Ward 7 has been irregular for 10 days, taps run dry most mornings. not urgent",Water,Medium,en,whatsapp,2025-04-06T09:29:12
48,"Andheri West में सड़क अचानक धंस है, यह बहुत खतरनाक है, जल्द मरम्मत करें। कृपया जल्दी करें",Roads,High,hi,web,2025-01-13T21:16:09
49,"Nehru Colony ke paas sadak me bahut bada gaddha hai jiski wajah se kal accident ho gaya, please turant fix karo. plesae dhyan do",Roads,High,hinglish,app,2025-06-22T11:18:07
50,Ward 7 ke paas steretlight 2 hafto se flicker kar rahi hai aur band ho jati hai. urgent nahi,Lights,Medium,hinglish,phone,2025-03-18T17:37:49
51,"Green Park ke paas naali se halki badbu aa rahi hai, urgent nahi par safai karwa dena.",Sanitation,Low,hinglish,phone,2025-06-10T19:36:33
52,"Vasant Kunj ke paas 3 din se illegal parking road ko jam kar rahi hai, please karwai karo.",Other / Unknown,Medium,hinglish,web,2025-06-12T22:50:19
53,"Mayur Vihar में पानी की सप्लाई 10 दिनों से अनियमित है, सुबह नल सूखे रहते हैं। बहुत परेशानी हो रही है",Water,Medium,hi,app,2025-01-11T19:57:25
54,"All streetlights on the main stretch near Saket are out, pitch dark at night, very dangerous for commuters. urgent!!!",Lights,High,en,phone,2025-03-22T23:38:59
55,"Salt Lake में रात को निर्माण कार्य का बहुत शोर हो रहा है, 2 हफ्तों से यही हाल है। बहुत परेशानी हो रही है जब समय मिले",Other / Unknown,Medium,hi,web,2025-01-20T08:10:36
56,"Dwarka Sector 9 ke paas pani ki main pipeline fat gayi hai aur gharo me pani bhar raha hai, ganda jal mil raha hai, turant karwai karo. urgent hai",Water,High,hinglish,app,2025-05-02T10:52:51
57,"Ward 7 ke paas awara kutte 3 din se aggressive ho gaye hai, ek insaan ko kaat liya.",Health,Medium,hinglish,web,2025-02-09T03:50:01
58,सुझाव: Dwarka Sector 9 के पार्क में और बेंच लगाई जाएं।,Other / Unknown,Low,hi,whatsapp,2025-05-15T07:05:44
59,"Green Park ke paas 2 hafto se machhar badh rahe hai, log bimari failne se dar rahe hai.",Health,Medium,hinglish,phone,2025-05-14T12:13:37
60,"Nehru Colony में पानी की सप्लाई 2 हफ्तों से अनियमित है, सुबह नल सूखे रहते हैं।",Water,Medium,hi,whatsapp,2025-03-13T01:49:59
61,"Sewage is mixing into the drinking water supply near Vasant Kunj, families are falling sick, immediate action needed. urgent!!! getting worse",Water,High,en,app,2025-06-11T19:47:38
62,"All streetlights on the main stretch near Ashok Vihar are out, pitch dark at night, very dangerous for commuters. need this fixed",Lights,High,en,app,2025-02-04T02:17:50
63,"The lamp post near Dwarka Sector 9 has been dark for 2 weeks, please send a technician.",Lights,Medium,en,whatsapp,2025-01-31T06:29:52
64,"Malviya Nagar me sadak ki halat 10 dino se kharab hai, please theek karwao.",Roads,Medium,hinglish,phone,2025-01-12T11:35:04
65,"Salt Lake के पास स्ट्रीट लाइट एक हफ्ते से बंद है और कल रात लूट हो गई, महिलाएं असुरक्षित महसूस कर रही हैं, तुरंत ठीक करें।",Lights,High,hi,phone,2025-05-22T04:43:29
66,"Indira Nagar ke paas 2 hafto se machhar badh rahe hai, log bimari failne se dar rahe hai.",Health,Medium,hinglish,app,2025-06-21T09:26:46
67,"The road near Sector 21 has multiple potholes making it hard to drive, been like this for 10 days. pls fix asap",Roads,Medium,en,phone,2025-05-18T19:53:02
68,Suggestion: Mayur Vihar me paani supply ka time aadha ghanta badha diya jaye. urgent hai,Water,Low,hinglish,app,2025-04-25T05:53:26
69,"Gandhi Chowk ke paas ek hafte se kachra nahi uthaya gaya hai, dustbin bhar gaye hai.",Waste,Medium,hinglish,phone,2025-04-16T02:02:22
70,"Mayur Vihar ke paas kachre ka bada dher sad raha hai aur bimari fela raha hai, turant uthwao.",Waste,High,hinglish,app,2025-05-15T18:06:54
71,"Nehru Colony के पास पानी के पाइप से हल्का रिसाव है, जरूरी नहीं पर जांच करवा लें। कृपया जल्दी करें",Water,Low,hi,web,2025-06-19T08:23:11
72,"Malviya Nagar ke paas footpath me chhoti si darar hai, time milne par theek karwa dena.",Roads,Low,hinglish,web,2025-04-26T03:46:06
73,Suggestion: Koramangala ke park me aur benches lagayi jaye.,Other / Unknown,Low,hinglish,app,2025-05-26T05:04:50
74,There is a large pothole on the road near Malviya Nagar causing traffic jams for 10 days. pls fix asap,Roads,Medium,en,phone,2025-03-06T02:58:55
75,Gandhi Chowk के पास सड़क में एक महीने से गड्ढा है जिससे ट्रैफिक जाम हो रहा है।,Roads,Medium,hi,phone,2025-01-24T17:06:45
76,सुझाव: Koramangala में पानी सप्लाई का समय आधा घंटा बढ़ा दिया जाए।,Water,Low,hi,app,2025-04-07T14:02:03
77,"Koramangala ki sabhi streetlights band hai, raat me pura andhera rehta hai, bahut khatarnak hai.",Lights,High,hinglish,phone,2025-05-25T10:54:54
78,There is a large pothole on the road near Civil Lines causing traffic jams for a week. urgent!!!,Roads,Medium,en,whatsapp,2025-04-05T06:06:32
79,"Shastri Nagar ke paas accident hua hai aur ek ghante se ambulance nahi aayi, medical emergency hai. urgent hai",Health,High,hinglish,whatsapp,2025-05-24T12:38:46
80,"Sector 21 ke paas 2 hafto se bijli baar baar ja rahi hai, appliances kharab ho rahe hai.",Electricity,Medium,hinglish,web,2025-06-18T10:08:17
81,"Minor encroachment issue near Rohini, not urgent, just flagging. please help",Other / Unknown,Low,en,app,2025-03-30T22:53:40
82,"Koramangala में खंभे की बत्ती एक महीने बंद है, कृपया तकनीशियन भेजें।",Lights,Medium,hi,web,2025-05-24T15:01:30
83,Koramangala me ek hafte se baar baar power cut ho raha hai.,Electricity,Medium,hinglish,phone,2025-02-13T02:49:29
84,"Minor crack developing on the footpath near Gandhi Chowk, suggest repairing before monsoon. urgent!!!",Roads,Low,en,web,2025-01-21T11:43:39
85,"Dwarka Sector 9 me kachra utane me 5 din se deri ho rahi hai, badbu badh rahi hai.",Waste,Medium,hinglish,phone,2025-05-02T01:17:40
86,Suggestion: conduct fogging drive naer Ashok Vihar before monsoon season. please help,Health,Low,en,app,2025-01-22T04:36:31
87,"Koramangala के पास बड़ी आग लगने का खतरा बताया गया है, प्रशासन तुरंत कार्रवाई करे।",Other / Unknown,High,hi,app,2025-05-02T17:29:35
88,"Gandhi Chowk के पास स्ट्रीट लाइट 5 दिनों से बंद है और कल रात लूट हो गई, महिलाएं असुरक्षित महसूस कर रही हैं, तुरंत ठीक करें। बहुत परेशानी हो रही है",Lights,High,hi,phone,2025-03-18T16:30:46
89,सुझाव: मानसून से पहले Patel Nagar के पास फॉगिंग करवाई जाए।,Health,Low,hi,web,2025-04-26T06:05:21
90,"Ward 7 के पास सीवेज घरों में घुस रहा है, बच्चों के लिए बहुत खतरनाक और गंदा है, तुरंत मदद चाहिए।",Sanitation,High,hi,phone,2025-01-12T03:48:06
91,"Garbage has not been collected near Patel Nagar for a week now, bins are overflowing. pls fix asap whenever convenient",Waste,Medium,en,phone,2025-01-06T12:04:59
92,"Garbage has piled up near MG Road for a week, medical waste is mixed in, rats and stray dogs are swarming, health hazard. pls fix asap",Waste,High,en,whatsapp,2025-03-08T13:08:32
93,"Indira Nagar ke paas ek streetlight thodi dim hai, urgent nahi par badal di jaye to accha hai.",Lights,Low,hinglish,whatsapp,2025-06-10T18:14:33
94,"Ashok Vihar के पास एक महीने से पानी का प्रेशर बहुत कम है, टैंकर की जरूरत है। बहुत परेशानी हो रही है",Water,Medium,hi,web,2025-01-25T23:59:24
95,Suggestion: conduct a fogging drive near Nehru Colony before monsoon season. pls fix asaap,Health,Low,en,phone,2025-01-09T00:33:55
96,"Ward 7 में नाली दिन से जाम है, बदबू फैल रही है।",Sanitation,Medium,hi,phone,2025-04-13T21:30:05
97,"Model Town में कचरा उठाने में 5 दिनों से देरी हो रही है, बदबू बढ़ रही है।",Waste,Medium,hi,web,2025-01-24T04:09:23
98,"Multiple dengue cases have been reported near Andheri West, mosquito breeding is out of control, urgent fogging needed.",Health,High,en,whatsapp,2025-03-13T04:40:41
99,"Saket ke paas ek streetlight thodi dim hai, urgent nahi par badal di jaye to accha hai. pls jaldi karo",Lights,Low,hinglish,web,2025-02-28T18:31:32
100,"MG Road के पास फुटपाथ में छोटी सी दरार है, समय मिलने पर ठीक करवा दें।",Roads,Low,hi,phone,2025-05-05T22:06:10
101,"Hauz Khas के पास हल्का कचरा जमा हो रहा है, जरूरी नहीं पर देख लें। बहुत परेशानी हो रही है हालत बिगड़ रही है",Waste,Low,hi,whatsapp,2025-05-05T03:00:14
102,Suggestion: Ward 12 ki sadak resurface kar di jaye to accha rahega.,Roads,Low,hinglish,web,2025-06-15T15:24:56
103,"Sector 21 ke paas naali se halki badbu aa rahi hai, urgent nahi par safai karwa dena.",Sanitation,Low,hinglish,phone,2025-03-19T22:31:07
104,"Vasant Kunj में सड़क की हालत 3 दिन से खराब है, कृपया मरम्मत करवाएं।",Roads,Medium,hi,phone,2025-01-14T07:24:40
105,सुझाव: MG Road की पुरानी वायरिंग इस साल बदल दी जाए। कृपया जल्दी करें,Electricity,Low,hi,web,2025-03-31T15:34:47
106,"Malviya Nagar ke paas naali se halki badbu aa rahi hai, urgent nahi par safai karwa dena.",Sanitation,Low,hinglish,web,2025-03-27T00:17:12
107,"Loud construction noise near Indira Nagar at night for month, disturbing residents. urgent!!!",Other / Unknown,Medium,en,phone,2025-05-07T00:41:10
108,"There has been an accident near Nehru Colony and no ambulance has arrived for over an hour, medical emergency. please help",Health,High,en,web,2025-03-02T01:20:14
109,"Minor encroachment issue near Hauz Khas, not urgent, just flagging.",Other / Unknown,Low,en,whatsapp,2025-05-28T21:33:36
110,"Patel Nagar ke paas dengue ke kai cases aaye hai, machhar bahut badh gaye hai, turant fogging karwao.",Health,High,hinglish,app,2025-02-26T12:14:23
111,"Sector 21 में पानी की सप्लाई एक हफ्ते से अनियमित है, सुबह नल सूखे रहते हैं।",Water,Medium,hi,whatsapp,2025-01-24T13:34:00
112,"Model Town ke paas halka voltage fluctuation hai, urgent nhi par check karwa lena.",Electricity,Low,hinglish,whatsapp,2025-04-04T04:35:55
113,"All streetlights on the main stretch near MG Road are out, pitch dark at night, very dangerous for commuters. please look into this",Lights,High,en,whatsapp,2025-05-12T14:29:56
114,"Lajpat Nagar ke paas awara kutte 10 dino se aggressive ho gaye hai, ek insaan ko kaat liya. pls jaldi karo",Health,Medium,hinglish,phone,2025-01-30T10:08:07
115,"Patel Nagar के पास नाली फट गई है और सीवेज का पानी सड़क पर भर गया है, स्वास्थ्य आपातकाल है।",Sanitation,High,hi,app,2025-01-23T14:59:21
116,Suggestion: monsoon se pehle Indira Nagar ke paas fogging karwai jaye. please dhyan do,Health,Low,hinglish,app,2025-06-27T02:50:25
117,Saket ke paas streetlight 10 dino se flicker kar rahi hai aur band ho jati hai.,Lights,Medium,hinglish,phone,2025-01-28T04:55:58
118,"All streetlights on the main stretch near Vasant Kunj are out, pitch dark at night, very dangerous for commuters.",Lights,High,en,app,2025-05-08T18:06:51
119,Suggestion: Vasant Kunj ki khuli naali ko safety ke liye dhak diya jaye.,Sanitation,Low,hinglish,app,2025-06-09T07:32:39
120,"Dwarka Sector 9 ki sabhi streetlights band hai, raat me pura andhera rehta hai, bahut khatarnak hai.",Lights,High,hinglish,phone,2025-06-17T09:20:12
121,"Dwarka Sector 9 के पास 2 हफ्तों से कचरा नहीं उठाया गया है, डस्टबिन भर गए हैं। कृपया जल्दी करें",Waste,Medium,hi,app,2025-04-27T03:17:00
122,"Multiple dengue cases have been reported near Rohini, mosquito breeding is out of control, urgent fogging needed.",Health,High,en,phone,2025-06-29T00:43:08
123,"Ward 12 ke paas awara kutte 10 dino se aggressive ho gaye hai, ek insaan ko kaat liya.",Health,Medium,hinglish,web,2025-01-27T03:15:49
124,"Kalkaji के पास आवारा कुत्तों ने दो बच्चों काट लिया, कृपया जल्द कार्रवाई करें।",Other / Unknown,High,hi,web,2025-05-14T03:31:36
125,"Minor drip from a water pipe near Rohini, not urgent but should be checked. pleaase help please look into this",Water,Low,en,app,2025-05-25T20:38:19
126,"Lajpat Nagar mamuli encroachment hai, zyada zaroori nahi, bas inform kar raha hu.",Other / Unknown,Low,hinglish,app,2025-05-02T05:05:25
127,"Civil Lines के पास पीने के पानी में सीवेज मिल रहा है, परिवार बीमार पड़ रहे हैं, तत्काल ध्यान दें।",Water,High,hi,web,2025-04-03T00:08:20
128,सुझाव: Rohini की सड़क का पुनर्निर्माण कर दिया जाए तो अच्छा रहेगा।,Roads,Low,hi,whatsapp,2025-01-23T15:54:00
129,"Sector 21 me naali 3 din se jam hai, badbu fail rahi hai.",Sanitation,Medium,hinglish,phone,2025-04-04T23:56:10
130,"Patel Nagar ke paas naali fat gayi hai aur sewage ka pani sadak par bhar gaya hai, health emergency hai. pls jaldi karo",Sanitation,High,hinglish,app,2025-02-05T12:11:39
131,सुझाव: Lajpat Nagar के पार्क में एक और स्ट्रीट लाइट लगाई जाए।,Lights,Low,hi,whatsapp,2025-03-24T10:19:31
132,"Saket ke paas 10 dino se illegal parking road ko jam kar rahi hai, please karwai karo. urgent hai",Other / Unknown,Medium,hinglish,web,2025-01-06T19:10:16
133,"Sewage is mixing into the drinking water supply near Koramangala, families are falling sick, imemdiate action needed.",Water,High,en,app,2025-06-15T10:44:40
134,"Ward 12 में खंभे की बत्ती 10 दिनों से बंद है, कृपया तकनीशियन भेजें। बहुत परेशानी हो रही है",Lights,Medium,hi,web,2025-02-28T07:41:50
135,Suggestion: monsoon se pehhle Civil Lines ke paas fogging karwai jaye.,Health,Low,hinglish,whatsapp,2025-01-01T03:25:52
136,"Salt Lake के पास नाली फट गई है और सीवेज का पानी सड़क पर भर गया है, स्वास्थ्य आपातकाल है।",Sanitation,High,hi,app,2025-03-05T11:54:59
137,"Hauz Khas ke paas sewage gharo me ghus raha hai, bacho ke liye bahut khatarnak aur ganda hai, turant madad chahiye. urgent hai",Sanitation,High,hinglish,app,2025-06-23T20:03:35
138,"Lajpat Nagar के पास एक हफ्ते से कचरे का ढेर लगा है, मेडिकल वेस्ट भी मिला है, चूहे और आवारा कुत्ते बढ़ रहे हैं, स्वास्थ्य के लिए खतरा है।",Waste,High,hi,phone,2025-04-06T16:52:56
139,"Nehru Colony के पास कचरे का बड़ा ढेर सड़ रहा है और बीमारी फैला रहा है, तुरंत उठवाएं।",Waste,High,hi,app,2025-01-23T16:05:15
140,"Shastri Nagar के पास एक्सीडेंट हुआ है और एक घंटे से एम्बुलेंस नहीं आई, चिकित्सा आपातकाल है। हालत बिगड़ रही है",Health,High,hi,web,2025-04-29T22:29:29
141,"Loud construction noise near Gandhi Chowk at night for 5 days, disturbing residents.",Other / Unknown,Medium,en,whatsapp,2025-02-26T16:08:55
142,"Sector 21 के पास सीवेज घरों में घुस रहा है, बच्चों के लिए बहुत खतरनाक और गंदा है, तुरंत मदद चाहिए।",Sanitation,High,hi,web,2025-04-27T16:53:06
143,"Dwarka Sector 9 ke paas hafto se paani ka pressure bahut kam hai, tanker ki zarurat hai.",Water,Medium,hinglish,app,2025-06-08T16:07:53
144,"Malviya Nagar ke paas naali fat gayi hai aur sewage ka pani sadak par bhar gaya hai, health emergency hai. please dhyan do",Sanitation,High,hinglish,whatsapp,2025-04-16T21:04:11
145,"Gandhi Chowk के पास ट्रांसफार्मर से चिंगारी निकल रही है, बहुत खतरनाक है, आग लग सकती है, तुरंत कार्रवाई करें। कृपया ध्यान दें",Electricity,High,hi,web,2025-02-10T20:21:12
146,"Green Park के एक महीने से कचरा नहीं उठाया गया है, डस्टबिन भर गए हैं।",Waste,Medium,hi,app,2025-05-30T19:53:38
147,Suggestion: cover the open dran near Indira Nagar for safety. pls fix asap,Sanitation,Low,en,phone,2025-02-12T11:29:18
148,"Saket में नाली 5 दिनों से जाम है, बदबू रही है। बहुत परेशानी हो रही है",Sanitation,Medium,hi,phone,2025-04-19T07:48:05
149,Suggestion: Malviya Nagar me kachra uthane ki frequency hatfe me do baar kar di jaye. pls jaldi karo please dhyan do,Waste,Low,hinglish,app,2025-06-17T23:18:50
150,"Nehru Colony ke paas 5 din se kachre ka dher laga hai, medical waste bhi mila hai, chuhe aur awara kutte badh rahe hai, health hazard hai.",Waste,High,hinglish,whatsapp,2025-02-10T22:54:25
151,"Loud construction noise near Dwarka Sector 9 at night for 2 weeks, disturbing residents.",Other / Unknown,Medium,en,web,2025-06-19T11:06:36
152,"A mjaor water pipeline near Hauz Khas has burst and is flooding homes, contaminated water mixing in, urgent! urgent!!!",Water,High,en,app,2025-01-06T19:10:02
153,सुझाव: Gandhi Chowk की खुली नाली को सुरक्षा के लिए ढक दिया जाए। बहुत परेशानी हो रही है,Sanitation,Low,hi,app,2025-04-22T22:57:45
154,Streetlight near Shastri Nagar has been flickering and going off for 2 weeks now.,Lights,Medium,en,phone,2025-04-06T13:55:32
155,"Patel Nagar ke paas accident hua hai aur ek ghante se ambulance nahi aayi, medical eergency hai.",Health,High,hinglish,app,2025-05-11T06:48:12
156,सुझाव: Nehru Colony में पानी सप्लाई का समय आधा घंटा बढ़ा दिया जाए। कृपया जल्दी करें,Water,Low,hi,phone,2025-04-08T12:45:43
157,"Lajpat Nagar के पास पीने के पानी सीवेज मिल रहा है, परिवार बीमार पड़ रहे हैं, तत्काल ध्यान दें।",Water,High,hi,app,2025-06-13T10:37:28
158,Suggestion: add an extra streetlight neaar Patel Nagar park for better visibility. please help,Lights,Low,en,whatsapp,2025-06-07T21:29:14
159,Ashok Vihar में रात को निर्माण कार्य का बहुत शोर हो रहा 5 दिनों से यही हाल है।,Other / Unknown,Medium,hi,phone,2025-03-23T09:48:02
160,"A major waater pipeline near Hauz Khas has burst and is flooding homes, contaminated water mixing in, urgent! pls fix asap",Water,High,en,app,2025-01-24T12:04:16
161,"Dwarka Sector 9 के पास बड़ी आग लगने का खतरा बताया गया है, प्रशासन तुरंत कार्रवाई करे।",Other / Unknown,High,hi,web,2025-01-22T01:59:28
162,"Rohini के पास डेंगू के कई मामले सामने आए हैं, मच्छरों का प्रकोप बढ़ गया है, तुरंत फॉगिंग करवाएं।",Health,High,hi,phone,2025-02-01T17:44:46
163,सुझाव: मानसून से पहले Koramangala के फॉगिंग करवाई जाए।,Health,Low,hi,whatsapp,2025-04-06T05:16:50
164,"Model Town के पास एक स्ट्रीट लाइट थोड़ी धीमी है, जरूरी नहीं पर बदल दी जाए तो अच्छा है। कृपया जल्दी करें",Lights,Low,hi,web,2025-02-04T14:59:08
165,Suggestion: Nehru Colony ke park me ek aur streetlight lagayi jaye.,Lights,Low,hinglish,whatsapp,2025-01-31T01:04:07
166,"Power keeps fluctuaating near Salt Lake for 10 days, damaging appliances.",Electricity,Medium,en,app,2025-01-06T06:24:38
167,"Shastri Nagar me sadak ki halat ek hafte se kharab hai, please thek karwao. urgent hai",Roads,Medium,hinglish,whatsapp,2025-01-06T23:57:55
168,Suggestion: Green Park ki purani wiring is saal badal di jaye.,Electricity,Low,hinglish,phone,2025-03-01T08:08:21
169,Mayur Vihar में 5 दिनों से बार-बार बिजली कटौती हो रही है। बहुत परेशानी हो रही है,Electricity,Medium,hi,whatsapp,2025-05-15T17:35:46
170,"Indira Nagar me sadak achhanak dhans gayi hai, bahut khatarnak hai, jaldi repair karwao.",Roads,High,hinglish,phone,2025-05-24T00:21:07
171,"The transformer near Kalkaji is sparking badly, extremely khatarnak, could catch fire, urgent action needed. please help",Electricity,High,en,app,2025-03-31T10:53:36
172,"Mosquito breeding has increased naer Hauz Khas for 2 weeks, residents fear an outbreak.",Health,Medium,en,app,2025-01-18T05:13:31
173,"Andheri West के पास पीने के पानी में सीवेज मिल रहा है, परिवार बीमार पड़ रहे हैं, तत्काल ध्यान दें। हालत बिगड़ रही है",Water,High,hi,web,2025-02-16T21:55:56
174,Suggestion: Kalkaji ke park me ek aur streetlight lagayi jaye. pls jaldi karo please dhyan do,Lights,Low,hinglish,app,2025-03-13T03:23:13
175,"The lamp post near Indira Nagar has been dark for a week, please send a technician.",Lights,Medium,en,app,2025-01-04T12:16:25
176,Suggestion: please increase garbage collection frequency near Vasant Kunj to twice a week.,Waste,Low,en,phone,2025-06-07T12:56:52
177,"Salt Lake की सभी स्ट्रीट लाइटें बंद हैं, रात में पूरा अंधेरा रहता है, बहुत खतरनाक है।",Lights,High,hi,phone,2025-01-06T03:16:42
178,"Ashok Vihar के पास एक महीने से अवैध पार्किंग सड़क को जाम कर रही है, कृपया कार्रवाई करें। सुझाव",Other / Unknown,Medium,hi,phone,2025-04-24T18:57:54
179,Nehru Colony ke paas sadak me ek mahine se gaddha hai jisse traffic jam ho raha hai. pls jaldi karo,Roads,Medium,hinglish,phone,2025-01-04T05:14:54
180,"Indira Nagar ke paas kal raat tufan ke baad tar toot kar gir gaya hai, bahut khatarnak hai, kisi ko current lag sakta hai.",Electricity,High,hinglish,whatsapp,2025-01-05T04:52:07
181,"Model Town के पास नाली से हल्की बदबू आ रही है, जरूरी नहीं पर सफाई करवा दें।",Sanitation,Low,hi,app,2025-02-24T01:46:20
182,"Gandhi Chowk के पास 5 दिनों से बिजली बार-बार जा रही है, उपकरण खराब हो रहे हैं। बहुत परेशानी हो रही है",Electricity,Medium,hi,app,2025-02-28T07:38:28
183,"The lamp post near Sector 21 has been dark for 5 days, please send a technician.",Lights,Medium,en,web,2025-01-18T17:11:15
184,Suggestion: monsoon se pehle Hauz Khas ke paas fogging karwai jaye.,Health,Low,hinglish,phone,2025-06-17T05:36:24
185,"Ashok Vihar ke paas ek streetlight thodi dim hai, urent nahi par badal di jaye to accha hai.",Lights,Low,hinglish,phone,2025-02-20T19:53:58
186,"Lajpat Nagar ke paas 5 din machhar badh rahe hai, log bimari failne se dar rahe hai.",Health,Medium,hinglish,app,2025-05-08T11:31:12
187,"Waste collection near Ward 7 has been delayed for 2 weeks, smell is getting bad.",Waste,Medium,en,app,2025-05-21T14:37:12
188,"Civil Lines के पास 10 दिनों से बिजली बार-बार जा रही है, उपकरण खराब हो रहे हैं।",Electricity,Medium,hi,web,2025-02-13T11:53:50
189,सुझाव: Gandhi Chowk में पानी सप्लाई का समय आधा घंटा बढ़ा दिया जाए।,Water,Low,hi,app,2025-06-09T18:35:52
190,"Garbage has not been collected near Model Town for a month now, bins are overflowing. please help whenever convenient",Waste,Medium,en,phone,2025-04-25T21:40:05
191,Mayur Vihar में 5 दिनों से बार-बार बिजली कटौती हो रही है। बहुत परेशानी हो रही है,Electricity,Medium,hi,web,2025-02-05T05:35:44
192,"Salt Lake ke paas naali ek hafte se band hai, pani jama ho raha hai. pls jaldi karo urgent nahi",Sanitation,Medium,hinglish,app,2025-06-14T01:32:15
193,"A huge crater has opened up on the road at Patel Nagar, two bikes have already skidded, extremely dangerous. urgent!!!",Roads,High,en,web,2025-06-24T04:10:14
194,"Salt Lake ke paas 3 din se bijli baar baar ja rahi hai, appliances kharab ho rahe hai.",Electricity,Medium,hinglish,app,2025-06-24T02:18:00
195,"A huge trash pile near Ashok Vihar is rotting and attracting disease, urgent collection needed before it spreads illness. pls fix asap",Waste,High,en,app,2025-05-28T20:58:03
196,"The lamp post near Hauz Khas has been dark for a month, please send a technician.",Lights,Medium,en,phone,2025-02-04T18:21:28
197,"The road near Ashok Vihar has multiple potholes making it hard to drive, been like this for 2 weeks.",Roads,Medium,en,phone,2025-05-06T03:50:33
198,"Multiple dengue cases have been reported near Ward mosquito breeding is out of control, urgent fogging needed.",Health,High,en,whatsapp,2025-04-04T19:49:19
199,"Ashok Vihar ke paas awara kutte 5 din se aggressive ho gaye hai, ek insaan ko kaat liya.",Health,Medium,hinglish,phone,2025-01-03T20:25:19
200,सुझाव: Ashok Vihar के पार्क में एक और स्ट्रीट लाइट लगाई जाए।,Lights,Low,hi,web,2025-01-12T03:37:31
201,"Power keeps fluctuating near Salt Lake for 5 days, damaging appliances.",Electricity,Medium,en,phone,2025-06-03T12:03:23
202,"Multiple dengue cases have been reported near Vasant Kunj, mosquito breeding is out of control, urgent foggging needed.",Health,High,en,app,2025-05-28T17:51:23
203,"Naali near Model Town is clogged for 5 days, foul smell spreading in the area. pls fix asap",Sanitation,Medium,en,whatsapp,2025-02-06T00:28:10
204,"Mosquito breeding increased near Indira Nagar for a week, residents fear an outbreak.",Health,Medium,en,whatsapp,2025-01-22T07:21:58
205,Suggestion: Mayur Vihar ki purani wiring is saal badal di jaye.,Electricity,Low,hinglish,web,2025-06-20T04:56:33
206,MG Road के पास स्ट्रीट लाइट 10 दिनों से टिमटिमा रही है और बंद हो जाती है।,Lights,Medium,hi,app,2025-05-31T20:20:49
207,"Patel Nagar ke paas transformer se sparking ho rahi hai, bahut khatarnak hai, aag lag sakti hai, turant karwai karo.",Electricity,High,hinglish,phone,2025-04-11T19:35:33
208,"Minor smell from the drain near Vasant Kunj, not urgent but could be cleaned. please help",Sanitation,Low,en,app,2025-04-18T06:34:01
209,Suggestion: cover the open drain near Andheeri West for safety.,Sanitation,Low,en,web,2025-01-25T20:16:47
210,"Loud construction noise near Rohini at night for 3 days, disturbing residents. please help",Other / Unknown,Medium,en,whatsapp,2025-05-27T13:31:14
211,"Patel Nagar me mamuli encroachment hai, zyada zarooir nahi, bas inform kar raha hu. urgent hai",Other / Unknown,Low,hinglish,whatsapp,2025-05-28T14:35:27
212,"Ward 12 ke paas transformer se sparking ho rahi hai, bahut khatarnak hai, aag lag sakti hai, turant karwai karo.",Electricity,High,hinglish,phone,2025-06-22T04:29:36
213,"Minor drip from a water pipe near Ward 7, not urgent but should be checked. pls fix asap",Water,Low,en,whatsapp,2025-05-05T20:05:08
214,"Ward 7 ke paas halka voltage fluctuation hai, urgent nahi par check karwa lena. urgent hai",Electricity,Low,hinglish,web,2025-01-25T12:56:47
215,"Indira Nagar ke paas dengue ke kai cases aaye hai, machhar bahut badh gye hai, turant fogging karwao. pls jaldi karo",Health,High,hinglish,web,2025-06-29T18:17:21
216,"One streetlight bulb near Hauz Khas is dim, not urgent but could be replaced.",Lights,Low,en,phone,2025-05-25T18:02:01
217,"Ashok Vihar ke paas sewage gharo me ghus raha hai, bacho ke liye bahut khatarnak aur ganda hai, turant madad chahiye.",Sanitation,High,hinglish,app,2025-02-27T11:40:03
218,"Hauz Khas me khambe ki batti ek hafte se band hai, please technician bhejo. pls jaldi karo",Lights,Medium,hinglish,web,2025-05-25T07:16:28
219,Hauz Khas में नाली 3 दिन से जाम बदबू फैल रही है। जरूरी नहीं,Sanitation,Medium,hi,web,2025-04-28T23:56:54
220,Suggestion: please increase garbage collection frequency near Patel Nagar to twice a week. please help need this fixed,Waste,Low,en,app,2025-03-14T20:54:06
221,"Civil Lines ke paas ek hafte se illegal parking road ko jam kar rahi hai, please karwai karo.",Other / Unknown,Medium,hinglish,whatsapp,2025-05-01T05:30:48
222,"Saket के पास 3 दिन से मच्छरों का प्रकोप बढ़ रहा है, लोग बीमारी फैलने से डर रहे हैं।",Health,Medium,hi,app,2025-01-29T02:10:08
223,"Patel Nagar ke paas 2 hafto se machhar badh rahe hai, log bimari failne se dar rahe hai.",Health,Medium,hinglish,web,2025-06-12T16:10:09
224,"Anheri West के पास एक महीने से मच्छरों का प्रकोप बढ़ रहा है, लोग बीमारी फैलने से डर रहे हैं।",Health,Medium,hi,web,2025-05-08T03:25:35
225,Suggestion: Civil Lines ke park me ek aur streetlight lagayi jaye.,Lights,Low,hinglish,web,2025-05-27T13:34:24
226,"Saket में कचरा उठाने में 5 दिनों से देरी हो रही है, बदबू बढ़ रही है। कृपया जल्दी करें",Waste,Medium,hi,web,2025-06-10T09:22:54
227,"Kalkaji के पास ट्रांसफार्मर से चिंगारी निकल रही है, बहुत खतरनाक है, आग लग सकती है, तुरंत कार्रवाई करें। हालत बिगड़ रही है",Electricity,High,hi,whatsapp,2025-05-25T16:28:13
228,Ashok Vihar के सड़क में 2 हफ्तों से गड्ढा है जिससे ट्रैफिक जाम हो रहा है।,Roads,Medium,hi,app,2025-05-08T10:37:34
229,"Dwarka Sector 9 में खंभे की बत्ती 2 हफ्तों से बंद है, कृपया तकनीशियन भेजें। बहुत परेशानी हो रही है",Lights,Medium,hi,web,2025-06-17T23:39:42
230,"Green Park के पास सीवेज घरों में घुस रहा है, बच्चों के लिए बहुत खतरनाक और गंदा है, तुरंत मदद चाहिए।",Sanitation,High,hi,app,2025-03-29T08:00:16
231,"Dwarka Sector 9 ke paas pani ki main pipeline fat gayi hai aur gharo me pani bhar raha hai, ganda jal mil raha hai, turant karwai karo.",Water,High,hinglish,app,2025-01-31T16:20:56
232,"Civil Lines के पास फुटपाथ में छोटी सी दरार है, समय मिलने पर ठीक करवा दें। बहुत परेशानी हो रही है",Roads,Low,hi,app,2025-03-27T06:07:17
233,Suggestion: conduct fogging drive near Model Town before monsoon season. getting wores,Health,Low,en,phone,2025-01-07T04:45:11
234,"Shastri Nagar paas sewage gharo me ghus raha hai, bacho ke liye bahut khatarnak aur ganda hai, turant madad chahiye. urgent hai",Sanitation,High,hinglish,app,2025-05-30T19:10:00
235,"Ashok Vihar के पास आवारा कुत्ते 5 दिनों से आक्रामक हो गए हैं, एक व्यक्ति को काट लिया। कृपया जल्दी करें",Health,Medium,hi,phone,2025-02-10T09:53:48
236,"Sector 21 में पानी की सप्लाई 10 दिनों से अनियमित है, सुबह नल सूखे रहते हैं। कृपया जल्दी करें",Water,Medium,hi,whatsapp,2025-06-29T03:52:15
237,Suggestion: upgrade the old wiring near MG Road sometime this year.,Electricity,Low,en,whatsapp,2025-06-04T16:34:59
238,"Malviya Nagar ke paas 5 din se kachra nahi uthya gaya hai, dustbin bhar gaye hai.",Waste,Medium,hinglish,web,2025-04-20T20:02:31
239,"Sector 21 me mamuli enrcoachment hai, zyada zaroori nahi, bas inform kar raha hu.",Other / Unknown,Low,hinglish,app,2025-04-22T03:16:58
240,"Mayur Vihar के पास हल्का वोल्टेज उतार-चढ़ाव है, जरूरी नहीं पर जांच करवा लें। कृपया जल्दी करें",Electricity,Low,hi,web,2025-06-12T06:02:54
241,"Hauz Khas ke paas peene ke paani sewage mix ho raha hai, family bimar pad rahi hai, turant dhyan do.",Water,High,hinglish,phone,2025-05-31T08:17:00
242,Suggestion: increase water supply timing near Ward 7 by half an hour.,Water,Low,en,app,2025-02-01T01:31:15
243,"Nehru Colony में सड़क की हालत एक महीने से खराब है, कृपया मरम्मत करवाएं।",Roads,Medium,hi,whatsapp,2025-06-04T09:06:56
244,"Minor voltage flicker near Indira Nagar, not urgent but worth checking. please help",Electricity,Low,en,web,2025-01-24T23:27:42
245,Suggestion: Lajpat Nagar ki sadak resurface kar di jaye to accha rahega.,Roads,Low,hinglish,app,2025-03-27T02:58:02
246,"Shastri Nagar ke paas 2 hafto se kachra nahi uthaya gaya hai, dustbin bhhar gaye hai. urgent nahi",Waste,Medium,hinglish,web,2025-01-28T20:48:10
247,"Gandhi Chowk में नाली एक महीने से जाम है, बदबू फैल रही है। कृपया जल्दी करें जरूरी नहीं",Sanitation,Medium,hi,app,2025-06-10T04:54:03
248,"Kalkaji के पास डेंगू के कई मामले सामने आए हैं, मच्छरों का प्रकोप बढ़ गया है, तुरंत फॉगिंग करवाएं। कृपया ध्यान दें",Health,High,hi,phone,2025-01-03T15:26:12
249,There is a large pothole on the road near Lajpat Nagar causing traffic jams for a week.,Roads,Medium,en,phone,2025-06-15T17:52:12
250,Suggestion: Sector 21 ki sadak resurface kar di jaye to accha rahega. pls jaldi karo,Roads,Low,hinglish,app,2025-02-05T05:38:28
251,Suggestion: cover open drain near Model Town for safety. need this fixed,Sanitation,Low,en,whatsapp,2025-01-12T04:39:20
252,Vasant Kunj में पानी की सप्लाई 5 दिनों से अनियमित सुबह नल सूखे रहते हैं।,Water,Medium,hi,web,2025-01-03T23:25:31
253,"Water supply near Rohini has been irregular for 10 days, taps run dry most mornings.",Water,Medium,en,web,2025-06-02T01:44:46
254,"Saket ke paas footpath me chhoti si darar hai, time milne par theek karwa dena.",Roads,Low,hinglish,web,2025-03-21T20:20:59
255,"Civil Lines के पास हल्का वोल्टेज उतार-चढ़ाव है, जरूरी नहीं जांच करवा लें।",Electricity,Low,hi,web,2025-02-11T11:53:15
256,Suggestion: monsoon se pehle Indira Nagar ke paas fogging karwai jaye.,Health,Low,hinglish,web,2025-02-07T16:46:58
257,"Model Town में खंभे की बत्ती 2 हफ्तों से है, कृपया तकनीशियन भेजें।",Lights,Medium,hi,phone,2025-03-17T05:32:56
258,"Garbage has not been collected near Kalkaji for a month now, bins are overflowing.",Waste,Medium,en,phone,2025-06-09T05:08:46
259,"One streetlight bulb near Hauz Khas is dim, not urgent but could be replaced. pls fix asap",Lights,Low,en,web,2025-04-23T19:53:31
260,Suggestion: please add more benches in the park near Ashok Vihar. urgent!!!,Other / Unknown,Low,en,whatsapp,2025-05-16T02:50:49
261,"Ashok Vihar ke paas kachre ka bada dher sad raha hai aur bimari fela raha hai, turant uthwao. pls jaldi karo",Waste,High,hinglish,phone,2025-04-02T04:54:19
262,"Low water pressure near Kalkaji for 3 days now, tankers needed in the meantime. please help",Water,Medium,en,app,2025-06-25T19:27:55
263,Suggestion: conduct a fogging drive near Ward 7 before monsoon season. urgent!!!,Health,Low,en,web,2025-02-20T17:05:48
264,"Vasant Kunj के पास नाली फट गई है और सीवेज का पानी सड़क पर भर गया है, स्वास्थ्य आपातकाल है।",Sanitation,High,hi,web,2025-03-02T15:01:19
265,"Vasant Kunj के पास नाली 3 दिन से बंद है, पानी जमा हो रहा है। कृपया जल्दी करें सुझाव",Sanitation,Medium,hi,whatsapp,2025-03-15T20:17:04
266,"Ward 12 के पास ट्रांसफार्मर से चिंगारी निकल रही है, बहुत खतरनाक है, आग लग सकती है, तुरंत कार्रवाई करें।",Electricity,High,hi,web,2025-05-26T18:59:47
267,"Malviya Nagar me kachra uthane me 10 dino se deri ho rhai hai, badbu badh rahi hai.",Waste,Medium,hinglish,phone,2025-05-10T00:54:28
268,"Andheri West के पास हल्का कचरा जमा हो रहा है, जरूरी नहीं पर देख लें।",Waste,Low,hi,phone,2025-06-09T06:32:46
269,"Multiple dengue cases haave been reported near Rohini, mosquito breeding is out of control, urgent fogging needed.",Health,High,en,whatsapp,2025-05-31T17:49:35
270,"Lajpat Nagar के पास कचरे का बड़ा ढेर सड़ रहा है और बीमारी फैला रहा है, तुरंत उठवाएं।",Waste,High,hi,phone,2025-03-11T16:11:53
271,"Rohini ke paas halka kachra jama ho raha hai, urgent nahi par dekh lena.",Waste,Low,hinglish,app,2025-06-22T21:26:05
272,"The transformer near Mayur Vihar is sparking badly, extremely khatarnak, could catch fire, urgent action needed. urgent!!! need this fixed",Electricity,High,en,web,2025-01-16T15:28:10
273,"Lajpat Nagar ke paas sewage gharo me ghus raha hai, bacho liye bahut khatarnak aur ganda hai, turant madad chahiye.",Sanitation,High,hinglish,web,2025-06-28T05:23:12
274,"Andheri West ke paas 2 hafto se bijli baar baar ja rahi hai, appliances kharab ho rahe hai.",Electricity,Medium,hinglish,whatsapp,2025-05-26T17:52:30
275,"Vasant Kunj ke paas ek steretlight thodi dim hai, urgent nahi par badal di jaye to accha hai. urgent hai",Lights,Low,hinglish,web,2025-02-11T18:04:25
276,"Nehru Colony ke paas sadak me bahut bada gaddha hai jiski wajah se kal accident ho gaya, please turant fix karo.",Roads,High,hinglish,whatsapp,2025-04-21T02:32:51
277,"Green Park ke paas sadak me bahut bada gaddha hai jiski wajah se kal accident ho gaya, please turant fix karo.",Roads,High,hinglish,whatsapp,2025-01-14T03:21:37
278,"Dwarka Sector 9 me khambe ki batti 3 din se band hai, please technician bhejo. pls jaldi karo",Lights,Medium,hinglish,app,2025-05-27T18:58:22
279,सुझाव: Koramangala में पानी सप्लाई का आधा घंटा बढ़ा दिया जाए।,Water,Low,hi,web,2025-02-25T16:21:17
280,Suggestion: Green Park ki sadak resurface kar di jaye to accha rahega.,Roads,Low,hinglish,phone,2025-05-15T19:01:57
281,"Illegal parking near MG Road has been blocking the road for a week, please take action.",Other / Unknown,Medium,en,web,2025-05-08T01:13:44
282,"Minor voltage flicker near Sector 21, not urgent but worth checking.",Electricity,Low,en,phone,2025-04-06T13:58:56
283,"A huge crater has opened up on the road at Rohini, two bikes have already skidded, extremely dangerous. pls fix asap",Roads,High,en,web,2025-04-07T02:52:08
284,"Ashok Vihar के पास 2 हफ्तों से बिजली बार-बार जा रही है, उपकरण खराब हो रहे हैं।",Electricity,Medium,hi,whatsapp,2025-01-24T06:14:28
285,"The darin near Gandhi Chowk has burst and sewage water is flooding the street, health emergency.",Sanitation,High,en,app,2025-05-06T14:09:16
286,सुझाव: मानसून से पहले Salt Lake के फॉगिंग करवाई जाए। कृपया जल्दी करें,Health,Low,hi,web,2025-03-08T01:34:06
287,"Naali near Indira Nagar is clogged for 5 days, foul smell spreading in area.",Sanitation,Medium,en,web,2025-03-08T05:55:44
288,MG Road me 3 se baar baar power cut ho raha hai. pls jadi karo suggestion,Electricity,Medium,hinglish,phone,2025-02-05T17:08:27
289,"Civil Lines ke paas transformer se sparking ho rahi hai, bahut khatarnak hai, lag sakti hai, turant karwai karo. urgent hai",Electricity,High,hinglish,whatsapp,2025-06-17T06:05:39
290,"Shastri Nagar के पास आवारा कुत्तों ने दो बच्चों को काट लिया, कृपया जल्द कार्रवाई करें।",Other / Unknown,High,hi,phone,2025-04-09T03:54:28
291,Suggestion: Malviya Nagar me paani supply ka time aadha ghanta badha diya jaye.,Water,Low,hinglish,app,2025-01-09T21:49:39
292,सुझाव: Model Town के पार्क में और बेंच लगाई जाएं। बहुत परेशानी हो रही है,Other / Unknown,Low,hi,web,2025-03-27T11:31:21
293,"Greeen Park ke paas paani ke pipe se halka leak hai, urgent nahi par check karwa lena.",Water,Low,hinglish,whatsapp,2025-04-15T13:11:23
294,Suggestion: please add more benches in the park near Model Town. getting worse,Other / Unknown,Low,en,whatsapp,2025-05-09T04:16:14
295,Andheri West ke paas sadak me ek mahine se gaddha hai jisse traffic jam ho raha hai. pls jaldi karo,Roads,Medium,hinglish,whatsapp,2025-05-04T10:44:44
296,"Kalkaji के पास ट्रांसफार्मर से चिंगारी निकल रही है, बहुत खतरनाक है, आग लग सकती है, तुरंत कार्रवाई करें।",Electricity,High,hi,app,2025-04-12T12:20:33
297,"Saket ke paas ek mahine se kachre ka dher laga hai, medical waste bhi mila hai, chuhe aur awara kutte badh rahe hai, health hazard hai.",Waste,High,hinglish,web,2025-06-07T09:40:40
298,"Ward 7 के पास कम्युनिटी क्लिनिक में मामूली सफाई की समस्या है, जरूरी नहीं। कृपया जल्दी करें",Health,Low,hi,phone,2025-01-12T09:59:28
299,There have been frequent power cuts near Hauz Khas for 2 weeks now. please help,Electricity,Medium,en,app,2025-02-07T17:05:41
300,"Koramangala ke paas 2 hafto se illegal parking road ko jam kar rhi hai, please karwai karo. pls jaldi karo",Other / Unknown,Medium,hinglish,phone,2025-06-03T15:00:02
301,"Ward 7 ke paas 10 dino se bijli baar baar ja rahi hai, appliances kharab ho rahe hai.",Electricity,Medium,hinglish,app,2025-04-24T01:44:19
302,"Gandhi Chowk ke pasa awara kutte 10 dino se aggressive ho gaye hai, ek insaan ko kaat liya. urgent hai",Health,Medium,hinglish,whatsapp,2025-04-13T14:53:32
303,Ward 7 के पास स्ट्रीट लाइट 3 दिन से टिमटिमा रही है और बंद हो जाती है।,Lights,Medium,hi,app,2025-01-03T07:57:48
304,Suggestion: Ward 7 ke park me aur benches lagayi jaye.,Other / Unknown,Low,hinglish,phone,2025-04-12T06:01:11
305,"Kalkaji के पास नाली एक हफ्ते से बंद है, पानी जमा हो रहा है।",Sanitation,Medium,hi,phone,2025-02-01T08:28:42
306,Suggestion: upgrade old wiring near Nehru Cloony sometime this year.,Electricity,Low,en,app,2025-02-02T03:20:27
307,"Koramangala के पास एक्सीडेंट हुआ है और एक घंटे से एम्बुलेंस नहीं आई, चिकित्सा आपातकाल है।",Health,High,hi,web,2025-03-16T10:53:33
308,Model Town के पास सड़क में 3 दिन से गड्ढा है जिससे ट्रैफिक जाम हो रहा है।,Roads,Medium,hi,app,2025-05-04T10:04:01
309,"Roini सड़क की हालत एक हफ्ते से खराब है, कृपया मरम्मत करवाएं। कृपया जल्दी करें",Roads,Medium,hi,whatsapp,2025-06-28T04:35:51
310,"Mayur Vihar के पास एक महीने से बिजली बार-बार जा रही है, उपकरण खराब हो रहे हैं। बहुत परेशानी हो रही है",Electricity,Medium,hi,whatsapp,2025-03-05T01:56:20
311,"The lamp post near Nehru Colony has been dark for a week, please send a technician.",Lights,Medium,en,whatsapp,2025-04-29T19:49:21
312,"There is a dangerous pothole near Ward 12 that caused an acccident yesterday, please fix urgently.",Roads,High,en,web,2025-06-03T11:48:07
313,"Patel Nagar ke paas 5 din se kachre ka dher laga hai, medical waste bhi mila hai, chuhe aur awara kutte badh rahe hai, health hazard hai. please dhyan do",Waste,High,hinglish,web,2025-04-30T23:15:44
314,Suggestion: please add more benches in the park near Salt Lake. pls fix asap,Other / Unknown,Low,en,whatsapp,2025-04-05T22:44:14
315,"Civil Lines ke paas ek streetlight thodi dim hai, urgent nahi par badal di jaye to accha hai. urgent hai",Lights,Low,hinglish,web,2025-05-29T03:28:47
316,"Minor drip from a water pipe near Hauz Khas, not urgent but should be checked. urgent!!!",Water,Low,en,whatsapp,2025-02-24T15:01:27
317,"The transformr near Dwarka Sector 9 is sparking badly, extremely khatarnak, could catch fire, urgent action needed.",Electricity,High,en,whatsapp,2025-03-22T12:31:49
318,"Vasant Kunj के पास आवारा कुत्तों ने दो बच्चों काट लिया, कृपया जल्द कार्रवाई करें। हालत बिगड़ रही है",Other / Unknown,High,hi,web,2025-06-15T23:40:52
319,"Dwarka Sector 9 ke paas naali 5 din se band hai, pani jama ho raha hai.",Sanitation,Medium,hinglish,web,2025-05-14T21:07:56
320,"Patel Nagar ke paas 10 dino se illegal parking road ko jam kar rahi hai, please karwai karo. pls jaldi karo",Other / Unknown,Medium,hinglish,phone,2025-02-21T03:37:45
321,सुझाव: Sakket की खुली नाली को सुरक्षा के लिए ढक दिया जाए।,Sanitation,Low,hi,phone,2025-06-10T09:48:20
322,"Minor hygiene issue at the community clinic near Sector 21, not urgent.",Health,Low,en,phone,2025-04-07T11:25:02
323,"Ganhi Chowk में कचरा उठाने में एक हफ्ते से देरी हो रही है, बदबू बढ़ रही है।",Waste,Medium,hi,app,2025-02-22T02:24:28
324,"Vasant Kunj ke paas halka kachra jama ho raha hai, urgent nahi par dekh lena.",Waste,Low,hinglish,web,2025-04-09T17:33:05
325,"Saket के पास 5 दिनों से अवैध पार्किंग सड़क को जाम कर रही है, कृपया कार्रवाई करें।",Other / Unknown,Medium,hi,app,2025-05-18T08:55:05
326,"Minor litter accumulaing near Dwarka Sector 9, urgent but worth a look. urgent!!!",Waste,Low,en,phone,2025-04-22T20:39:05
327,"Shastri Nagar के पास नाली से हल्की बदबू आ रही है, जरूरी नहीं पर सफाई करवा दें। हालत बिगड़ रही है",Sanitation,Low,hi,whatsapp,2025-03-05T19:02:42
328,सुझाव: Green Park के पार्क में एक और स्ट्रीट लाइट लगाई जाए।,Lights,Low,hi,web,2025-04-28T23:06:49
329,"Dwarka Sector 9 के पास 3 दिन से मच्छरों का प्रकोप बढ़ रहा है, लोग बीमारी फैलने से डर रहे हैं। बहुत परेशानी हो रही है",Health,Medium,hi,app,2025-06-29T03:10:36
330,"Civil Lines me khambe ki batti 3 din se band hai, please technician bhejo. pls jaldi karo",Lights,Medium,hinglish,whatsapp,2025-01-08T23:05:15
331,"Mnor drip from a water pipe near Sector 21, not urgent but should be checked.",Water,Low,en,app,2025-03-08T14:50:29
332,"A huge crater has opened up on the road at Sector 21, two bikes have already skidded, extremely dangerous.",Roads,High,en,whatsapp,2025-01-27T03:22:36
333,"There is a dangerous pothole near Patel Nagar that caused an accident yesterday, please fix urgently.",Roads,High,en,app,2025-06-25T11:48:24
334,"A major water pipeline near Sector 21 has burst and is flooding homes, contaminated water mixing in, urgent! please help",Water,High,en,web,2025-05-01T19:16:33
335,"Gandhi Chowk ke paas bade aag lagne ka khatra bataya gaya hai, prashasan turant karwai kare.",Other / Unknown,High,hinglish,web,2025-03-30T02:34:35
336,"A huge trash pile near Kalkaji is rotting and attracting disease, urgent collection needed before it spreads illness.",Waste,High,en,app,2025-03-05T22:31:20
337,"Shastri Nagar के पास नाली से हल्की बदबू आ रही है, जरूरी नहीं पर सफाई करवा दें।",Sanitation,Low,hi,app,2025-05-30T00:09:00
338,"Hauz Khas में खंभे की बत्ती एक महीने से बंद है, कृपया तकनीशियन भेजें।",Lights,Medium,hi,app,2025-04-16T10:56:27
339,"Patel Nagar ke paas awara kutto ne do bachho ko kaat liya, please jaldi karwai karo.",Other / Unknown,High,hinglish,web,2025-05-26T02:50:42
340,"Lajpat Nagar के पास सड़क में बहुत बड़ा गड्ढा है जिसकी वजह से कल एक दुर्घटना हो गई, कृपया तुरंत ठीक करें।",Roads,High,hi,app,2025-04-05T10:22:33
341,Suggestion: please add more benches in the park near Mayur Vihar. urgent!!!,Other / Unknown,Low,en,phone,2025-05-04T18:43:47
342,"Water suply near Dwarka Sector 9 has been irregular for a month, taps run dry most mornings. please help",Water,Medium,en,whatsapp,2025-04-22T04:52:16
343,Vasant Kunj में 2 हफ्तों से बार-बार बिजली कटौती हो रही है।,Electricity,Medium,hi,whatsapp,2025-04-08T00:53:59
344,"Civil Lines ke paas transformer se sparking ho rahi hai, bahut khatarnak hai, aag lag sakti hai, turant karwai karo.",Electricity,High,hinglish,web,2025-03-10T02:12:27
345,"Green Park के पास नाली फट गई है और सीवेज का पानी सड़क पर भर गया है, स्वास्थ्य आपातकाल है। बहुत परेशानी हो रही है हालत बिगड़ रही है",Sanitation,High,hi,app,2025-06-25T02:56:51
346,"A huge trash pile near Saket is rotting and attracting disease, urgent collection needed before it spreads illness. pls fix asap",Waste,High,en,whatsapp,2025-05-06T06:39:29
347,"Lajpat Nagar ke paas naali se halki badbu aa rahi hai, urgent nahi par safai karwa dena. urgent hai halat bigad rahi hai",Sanitation,Low,hinglish,phone,2025-05-05T17:09:59
348,"Ward 12 me kachra uthane me 10 dino se deri ho rahi hai, badbu badh rahi hai.",Waste,Medium,hinglish,app,2025-04-07T20:02:14
349,"Andheri West ke paas community clinic me mamuli safai ki problem hai, urgent nahi.",Health,Low,hinglish,web,2025-02-13T00:21:15
350,"Patel Nagar ke paas 3 din se paani ka pressure bahut kam hai, tanker ki zarurat hai.",Water,Medium,hinglish,whatsapp,2025-01-19T11:34:22
351,Suggestion: add an extra streetlight neear Lajpat Nagar park for better visibility.,Lights,Low,en,app,2025-05-13T06:21:05
352,Suggestion: Vasant Kunj ke park me ek aur streetlight lagayi jaye. please dhyan do,Lights,Low,hinglish,web,2025-05-08T20:38:22
353,"Hauz Khas के पास सड़क में बहुत बड़ा गड्ढा है जिसकी वजह से कल एक दुर्घटना हो गई, कृपया तुरंत ठीक करें।",Roads,High,hi,whatsapp,2025-03-08T07:26:12
354,"Green Park ke paas pani ki main pipeline fat gayi hai aur gharo me pani bhar raha hai, ganda jal mil raha hai, turant karwai karo.",Water,High,hinglish,app,2025-05-26T21:24:21
355,सुझाव: Hauz Khas में कचरा उठाने की संख्या हफ्ते में दो बार कर दी जाए।,Waste,Low,hi,app,2025-05-05T06:34:59
356,"The road near Ashok Vihar has multiple potholes making it hard to drive, been like this for 2 weeks.",Roads,Medium,en,app,2025-06-13T10:05:47
357,"Green Park के पास पानी की मुख्य पाइपलाइन फट गई है और घरों में पानी भर रहा है, गंदा पानी मिल रहा है, तुरंत कार्रवाई करें।",Water,High,hi,app,2025-04-07T11:10:15
358,"Just a small pothole near Ward 12, not urgent but should be patched sometime. urgent!!!",Roads,Low,en,whatsapp,2025-02-25T16:08:35
359,"Power keeps fluctuating near Civil Lines for week, damaging appliances.",Electricity,Medium,en,phone,2025-01-07T21:34:24
360,"The road naer Sector 21 has multiple potholes making it hard to drive, been like this for 5 days. please help not urgent",Roads,Medium,en,app,2025-01-06T22:37:19
361,"Hauz Khas के पास एक महीने से कचरा नहीं उठाया गया है, डस्टबिन भर गए हैं।",Waste,Medium,hi,app,2025-04-21T05:17:05
362,Streetlight near Civil Lines has been flickering and going off for a week now. suggestion,Lights,Medium,en,web,2025-03-04T01:36:38
363,"Vasant Kunj के पास फुटपाथ में छोटी सी दरार है, समय मिलने पर ठीक करवा दें। बहुत परेशानी हो रही",Roads,Low,hi,whatsapp,2025-01-08T06:34:07
364,"Indira Nagar के पास डेंगू के कई मामले सामने हैं, मच्छरों का प्रकोप बढ़ गया है, तुरंत फॉगिंग करवाएं।",Health,High,hi,web,2025-06-13T13:28:36
365,"Ward 12 के पास आवारा कुत्तों ने दो बच्चों को काट लिया, कृपया जल्द कार्रवाई करें। कृपया जल्दी करें",Other / Unknown,High,hi,whatsapp,2025-01-16T04:25:17
366,"Hauz Khas के पास 10 दिनों से अवैध पार्किंग सड़क को जाम कर रही है, कृपया कार्रवाई करें।",Other / Unknown,Medium,hi,app,2025-04-27T11:27:43
367,"Ward 7 में सड़क की हालत 3 दिन से खराब है, कृपया मरम्मत करवाएं।",Roads,Medium,hi,phone,2025-04-26T21:37:12
368,"Stray dogs near Green Park have been aggressive for 10 days, a resident was bitten. please help suggestion",Health,Medium,en,whatsapp,2025-02-04T09:50:46
369,Suggestion: Green Park ki khuli naali ko safety ke liye dhak diya jaye.,Sanitation,Low,hinglish,phone,2025-01-26T15:08:43
370,Suggestion: cover the open drain near Shastri Nagar for safety.,Sanitation,Low,en,app,2025-03-08T06:11:04
371,Suggestion: please increase garbage collection frequency near Shastri Nagar twice a week. please help,Waste,Low,en,app,2025-03-12T04:10:02
372,"Rohini ke paas awara kutto ne do bachho ko kaat liya, please jaldi karwai karo. halat bigad rahi hai",Other / Unknown,High,hinglish,app,2025-03-24T03:55:11
373,"Nehru Coolny ke paas community clinic me mamuli safai ki problem hai, urgent nahi. urgent hai",Health,Low,hinglish,web,2025-01-10T20:56:36
374,"Mayur Vihar ke paas 10 dino se kachra nahi uthaya gaya hai, dustbin bhar gaye hai.",Waste,Medium,hinglish,web,2025-05-08T08:39:08
375,"Minor litter accumulating near Model Town, not urgent worth a look.",Waste,Low,en,app,2025-01-24T17:02:57
376,सुझाव: Saket में पानी सप्लाई समय आधा घंटा बढ़ा दिया जाए।,Water,Low,hi,phone,2025-02-12T08:22:25
377,"Minor hygiene issue at the community clinic near Mayur Vihar, not urgent. please look into this",Health,Low,en,web,2025-01-29T16:42:58
378,"Model Town के पास पानी की मुख्य पाइपलाइन फट गई है और घरों में पानी भर रहा है, गंदा पानी मिल रहा है, तुरंत कार्रवाई करें। बहुत परेशानी हो रही है",Water,High,hi,app,2025-06-05T15:48:31
379,"Ward 7 के पास डेंगू के कई मामले सामने आए हैं, मच्छरों का प्रकोप बढ़ गया है, तुरंत फॉगिंग करवाएं। हालत बिगड़ रही है",Health,High,hi,web,2025-04-19T18:02:27
380,"Hauz Khas के पास पानी की मुख्य पाइपलाइन फट गई है और घरों में पानी भर रहा है, गंदा पानी मिल रहा है, तुरंत कार्रवाई करें।",Water,High,hi,web,2025-04-06T14:24:11
381,"Power keeps fluctuating near Malviya Nagar for 2 weeks, damaging appliances. urgent!!!",Electricity,Medium,en,whatsapp,2025-06-16T00:56:44
382,"Minnor encroachment issue near Sector 21, not urgent, just flagging. urgent!!! getting worse",Other / Unknown,Low,en,web,2025-05-18T16:41:48
383,"Malviya Nagar के पास एक महीने से कचरा नहीं उठाया गया है, डस्टबिन भर गए हैं।",Waste,Medium,hi,phone,2025-04-14T01:31:22
384,Green Park me 5 din se baar baar power cut ho raha hai. urgent hai jab time mile,Electricity,Medium,hinglish,phone,2025-03-12T07:20:37
385,"Minor smell from the drain near MG Road, not urgent but could be cleaned.",Sanitation,Low,en,web,2025-01-02T09:14:07
386,"Multiple dengue cases have been reporteed near MG Road, mosquito breeding is out of control, urgent fogging needed.",Health,High,en,web,2025-04-29T23:40:37
387,"The road near Saket has multiple potholes making it hard to drive, been like this for 5 days. urgent!!!",Roads,Medium,en,whatsapp,2025-06-07T19:35:39
388,"Vasant Kunj के पास नाली से हल्की बदबू आ रही है, जरूरी नहीं पर सफाई करवा दें।",Sanitation,Low,hi,web,2025-03-14T04:26:29
389,Malviya Nagar ke paas sadak me ek hafte se gaddha hai jisse traffic jam ho raha hai.,Roads,Medium,hinglish,whatsapp,2025-04-02T13:38:51
390,Suggestion: upgrade the old wiring near Model Town sometime this year.,Electricity,Low,en,app,2025-06-25T08:05:56
391,"Dwarka Sector 9 के पास सीवेज घरों में घुस रहा है, बच्चों के लिए बहुत खतरनाक और गंदा है, तुरंत मदद चाहिए।",Sanitation,High,hi,app,2025-02-25T22:11:19
392,"Low water pressure near Ward 7 for 10 days now, tankers needed in the meantime. suggestion",Water,Medium,en,whatsapp,2025-04-18T14:43:51
393,"Andheri West ke paas accident hua hai aur ek ghante se ambulnace nahi aayi, medical emergency hai.",Health,High,hinglish,app,2025-01-14T12:27:25
394,"Ward 12 के पास एक स्ट्रीट लाइट थोड़ी धीमी है, जरूरी नहीं पर बदल दी जाए तो अच्छा है। कृपया ध्यान दें",Lights,Low,hi,whatsapp,2025-02-24T22:52:03
395,सुझाव: Koramangala में पानी सप्लाई का समय आधा घंटा बढ़ा दिया जाए। बहुत परेशानी हो रही है,Water,Low,hi,phone,2025-04-02T01:28:17
396,"Loud construction noies near Shastri Nagar night for a month, disturbing residents. suggestion",Other / Unknown,Medium,en,whatsapp,2025-05-11T18:30:08
397,"Low water pressure near Ward 12 for 2 weeks now, tankers needed the meantime. urgent!!!",Water,Medium,en,app,2025-04-06T00:30:45
398,सुझाव: MG Road में पानी सप्लाई का समय आधा घंटा बढ़ा दिया जाए।,Water,Low,hi,whatsapp,2025-03-09T21:04:02
399,"Andheri West में नाली 10 दिनों से जाम है, बदबू फैल रही है।",Sanitation,Medium,hi,phone,2025-06-18T20:09:45
400,"Ward 7 के पास 3 दिन से कचरा नहीं उठाया गया है, डस्टबिन भर गए हैं। कृपया जल्दी करें जरूरी नहीं",Waste,Medium,hi,whatsapp,2025-02-17T14:06:25
401,"Salt Lake के पास कचरे का बड़ा ढेर सड़ रहा है और बीमारी फैला रहा है, तुरंत उठवाएं। कृपया ध्यान दें",Waste,High,hi,app,2025-04-23T00:17:55
402,"Dwarka Sector ke paas bade aag lagne ka khatra bataya gaya hai, prashasan turant karwai kare. halat bigad rahi hai",Other / Unknown,High,hinglish,whatsapp,2025-04-01T07:03:01
403,"Saket ki sabhi streetlights band hai, raat me pura andhera rehta hai, bahut khatarnak hai.",Lights,High,hinglish,phone,2025-05-09T01:27:56
404,"Patel Nagar ke paas awara kutto ne do bachho ko kaat liya, please jaldi karwai karo.",Other / Unknown,High,hinglish,app,2025-03-11T01:31:11
405,"Gandhi Chowk के पास पानी के पाइप से हल्का रिसाव है, जरूरी नहीं पर जांच करवा लें। बहुत परेशानी हो रही है कृपया ध्यान",Water,Low,hi,web,2025-06-23T23:38:16
406,"Minor crack developing on the footpath near Ashok Vihar, suggest repairing beffore monsoon. please look into this",Roads,Low,en,app,2025-03-09T01:54:28
407,"Rohini में पानी की सप्लाई एक हफ्ते से अनियमित है, सुबह नल सूखे रहते हैं।",Water,Medium,hi,phone,2025-01-30T03:27:31
408,"Civil Lines me khambe ki batti 5 din se band hai, please technician bhejo. suggestion",Lights,Medium,hinglish,app,2025-04-10T11:31:47
409,"Minor smell from the drain near Lajpat Nagar, not urgent but could cleaned.",Sanitation,Low,en,whatsapp,2025-02-08T03:14:33
410,"Kalkaji के पास नाली फट गई है और सीवेज का पानी सड़क पर भर गया है, स्वास्थ्य आपातकाल है। बहुत परेशानी हो रही है",Sanitation,High,hi,web,2025-04-09T13:18:38
411,Suggestion: Patel Nagar me kachra uthane ki frequency hafte me do baar kar di jaye.,Waste,Low,hinglish,phone,2025-06-18T23:35:22
412,"Mayur Vihar ke paas kachre ka bada dher sad raha hai aur bimari fela raha hai, turant uthwao. please dhyan do",Waste,High,hinglish,app,2025-05-05T08:28:17
413,"Ashok Vihar ke paas naali ek hafte se band hai, pani jama ho raha hai. urgent hai",Sanitation,Medium,hinglish,whatsapp,2025-03-19T03:17:09
414,"One streetlight bulb near Ward 7 is dim, not urgent but coudl be replaced. pls fix asap getting worse",Lights,Low,en,phone,2025-06-02T05:01:10
415,"Model Town के पास 3 दिन से कचरे का ढेर लगा है, मेडिकल वेस्ट भी मिला है, चूहे और आवारा कुत्ते बढ़ रहे हैं, स्वास्थ्य के लिए खतरा है। हालत बिगड़ रही है",Waste,High,hi,whatsapp,2025-04-08T00:27:33
416,"The drain near Andheri West has been blocked for a week, water is stagnating. pls fix asap",Sanitation,Medium,en,web,2025-06-01T13:40:53
417,"Green Park ke paas peene ke paani me sewage mix ho raha hai, family bimar pad rahi hai, turant dhyan do.",Water,High,hinglish,web,2025-03-28T11:02:02
418,"Lajpat Nagar के पास नाली 10 दिनों से बंद है, पानी जमा हो रहा है। जरूरी नहीं",Sanitation,Medium,hi,phone,2025-02-27T20:10:02
419,"Indira Nagar ke paas 3 din se kachra nahi uthaya gaya hai, dustbin bhar gaye hai. pls jaldi karo",Waste,Medium,hinglish,phone,2025-02-17T21:40:12
420,"A huge trash pile near Malviya Nagar is rotting and attracting disease, urgent collection needed before it spreads illness. please help need this fixed",Waste,High,en,whatsapp,2025-03-02T20:13:09
421,"MG Road ke paas streetlight ek hafte se band hai aur kal raat loot ho gayi, mahilaye unsafe feel kar rahi hai, turant theek karo.",Lights,High,hinglish,app,2025-03-25T22:19:16
422,"Saket ke paas footpath me chhoti si darar hai, time milne par theek karwa dena. pls jaldi karo",Roads,Low,hinglish,web,2025-06-11T23:34:03
423,"Minor encroachment issue near Secttor 21, not urgent, just flagging.",Other / Unknown,Low,en,app,2025-02-06T10:33:56
424,Suggestion: cover the open drain near Malviya Nagar for safety. please look into this,Sanitation,Low,en,whatsapp,2025-02-20T03:04:22
425,"Shastri Nagar के पास हल्का कचरा जमा हो रहा है, जरूरी नहीं पर देख लें।",Waste,Low,hi,whatsapp,2025-01-16T22:54:43
426,Malviya Nagar के पास सड़क में 3 दिन से गड्ढा है जिससे ट्रैफिक जाम हो रहा है। कृपया जल्दी करें,Roads,Medium,hi,web,2025-06-18T19:45:18
427,"Rohini के पास कल रात तूफान बाद तार टूटकर गिर गया है, बहुत खतरनाक है, किसी को करंट लग सकता है। हालत बिगड़ रही है",Electricity,High,hi,web,2025-04-06T11:06:07
428,Suggestion: upgrade the old wiring near Dwarka Sector 9 sometime this year. please help,Electricity,Low,en,app,2025-04-20T09:12:24
429,"A live wire has fallen near Rohini after last night's storm, very dangerous, someone could get electrocuted.",Electricity,High,en,web,2025-04-27T12:20:30
430,"Ward 7 में सड़क अचानक धंस गई है, यह बहुत खतरनाक है, जल्द मरम्मत करें।",Roads,High,hi,app,2025-03-11T10:15:30
431,"Ward 7 ke paas ek mahine kachra nahi uthaya gaya hai, dustbin bhar gaye hai.",Waste,Medium,hinglish,app,2025-02-11T10:21:14
432,"Salt Lake की सभी स्ट्रीट लाइटें बंद हैं, रात में पूरा अंधेरा रहता है, बहुत खतरनाक है। कृपया जल्दी करें",Lights,High,hi,app,2025-01-19T16:27:30
433,Ward 7 ke paas streetlight ek mahine se flicker kar rahi hai aur band ho jati hai.,Lights,Medium,hinglish,phone,2025-03-16T02:31:04
434,"A major water pipeline near MG Road has burst and is flooding homes, contaminated water mixing in, urgent! need this fixed",Water,High,en,phone,2025-01-08T13:56:05
435,Suggestion: Ashok Vihar me paani supply ka time aadha ghanta badha diya jaye. pls jaldi karo,Water,Low,hinglish,app,2025-03-28T16:42:22
436,"Water supply near Ward 7 has been irregular for a week, taps run dry most mornings. pls fix asap",Water,Medium,en,web,2025-05-02T04:49:02
437,"Koramangala ke paas pani ki main pipeline fat gayi hai aur gharo me pani bhar raha hai, ganda jal mil raha hai, turant karwai karo. halat bigad rahi hai",Water,High,hinglish,app,2025-06-02T09:23:21
438,Suggestion: Saket ke park me ek aur streetlight lagayi jaye. halat bigad rahi hai,Lights,Low,hinglish,web,2025-05-31T02:27:31
439,"Stray dogs near Model Town have been aggressive for 3 days, a resident was bitten.",Health,Medium,en,whatsapp,2025-02-15T09:19:12
440,"Indira Nagar me sadak ki halat 3 din se kharab hai, please theek karwao.",Roads,Medium,hinglish,phone,2025-03-15T08:22:42
441,"Kalkaji के पास कचरे का बड़ा ढेर सड़ रहा है बीमारी फैला रहा है, तुरंत उठवाएं। कृपया ध्यान दें",Waste,High,hi,web,2025-01-07T14:27:17
442,Suggestion: monsoon se pehle Nehru Colony ke paas fogging karwai jaye.,Health,Low,hinglish,whatsapp,2025-05-04T08:13:20
443,"Multiple dengue cases have been reported near Vasant Kunj, mosquito breeding is out of control, urgent fogging needed. pls asap",Health,High,en,app,2025-01-20T09:50:05
444,"The transformer near Mayur Vihar sparking badly, extremely khatarnak, could catch fire, urgent action needed.",Electricity,High,en,phone,2025-02-12T15:48:14
445,"Green Park ke paas accident hua hai aur ek ghante se ambulance nahi aayi, medical emergency hai. pls jaldi karo please dhyan do",Health,High,hinglish,phone,2025-05-07T19:23:11
446,"Sewage is overflowing into homes near Salt Lake, extremely unhygienic and dangerous for children, urgent help needed. please help",Sanitation,High,en,app,2025-04-29T22:48:31
447,There have been frequent power cuts near Model Town for 5 days now.,Electricity,Medium,en,whatsapp,2025-06-06T22:47:55
448,"The transformer near Indira Nagar is sparking badly, extremely khatarnak, could catch fire, urgent action needed. please help",Electricity,High,en,app,2025-05-20T22:43:56
449,"Salt Lake me naali 2 hafto se jam hai, badbu fail rahi hai. urgent hai",Sanitation,Medium,hinglish,app,2025-01-05T22:51:32
450,"Vasant Kunj में सड़क की हालत 5 दिनों से खराब है, कृपया मरम्मत करवाएं। बहुत परेशानी हो रही है",Roads,Medium,hi,whatsapp,2025-03-01T04:23:34
451,"Indira Nagar ke paas transformer se sparking ho rahi hai, bahut khatarnak hai, aag lag sakti hai, turant karwai karo.",Electricity,High,hinglish,app,2025-01-17T21:24:51
452,Suggestion: Malviya Nagar ki khuli naali ko safety ke liye dhak diya jaye. urgent hai halat bigad rahi hai,Sanitation,Low,hinglish,phone,2025-03-01T18:28:56
453,"Minor litter accumulating near Ashok Vihar, not urgent but worth a look. need this fixeed",Waste,Low,en,web,2025-06-01T21:42:08
454,"Vasant Kunj ke paas bade aag lagne ka khatra bataya gaya hai, prashasan turant karwai kare. please dhyan do",Other / Unknown,High,hinglish,app,2025-01-09T05:07:03
455,"Loud construction noise near Saket at night for a month, disturbing residents. pls fix asp",Other / Unknown,Medium,en,web,2025-01-14T12:37:14
456,"A major water pipeline near Ashok Vihar has burst and is flooding homes, contaminated water mixing in, urgent!",Water,High,en,web,2025-02-10T11:04:34
457,"Malvyia Nagar me khambe ki batti 5 din se band hai, please technician bhejo.",Lights,Medium,hinglish,web,2025-01-30T05:09:29
458,"Mosquito breeding has increased near Sector 21 for 3 days, residents fear an outbreak.",Health,Medium,en,web,2025-02-27T00:52:25
459,सुझाव: मानसून से पहले Nehru Colony के पास फॉगिंग करवाई जाए। बहुत परेशानी हो रही है,Health,Low,hi,whatsapp,2025-04-12T01:05:24
460,"Sewage is mixing into the drinking water suppply near Mayur Vihar, families are falling sick, immediate action needed.",Water,High,en,web,2025-02-26T20:57:37
461,"Kalkaji में कचरा उठाने में 10 दिनों से देरी हो रही है, बदबू बढ़ रही है।",Waste,Medium,hi,web,2025-05-14T03:58:48
462,Gandhi Chowk के पास स्ट्रीट लाइट एक हफ्ते से टिमटिमा रही है और बंद हो जाती है। कृपया जल्दी करें,Lights,Medium,hi,app,2025-01-31T17:26:13
463,"Shastri Nagar ke paas 2 hafto se paani ka pressure bahut kam hai, tanker ki zarurat hai. jab time mile",Water,Medium,hinglish,whatsapp,2025-06-29T19:56:42
464,Salt Lake ke paas streetlight ek mahine se flicker kar rahi hai aur band ho jati hai.,Lights,Medium,hinglish,web,2025-03-18T05:54:52
465,There have been frequent power cuts near Patel Nagar for 10 days now. urgent!!!,Electricity,Medium,en,phone,2025-02-26T00:08:04
466,"Kalkaji ke paas ek mahine se kachre ka dher laga hai, medical waste bhi mila hai, chuhe aur awara kutte badh rahe hai, health hazard hai. halat bigad rahi hai",Waste,High,hinglish,web,2025-06-20T07:55:45
467,Suggestion: cover the open drain near Andheri Wst for safety. pls fix asap,Sanitation,Low,en,phone,2025-01-22T00:22:32
468,"A major water pipeline near Rohini has burst and flooding homes, contaminated water mixing in, urgent!",Water,High,en,whatsapp,2025-06-25T22:56:54
469,"Loud construction noise near Andheri West at night for a week, disturbing residents. whenever convenient",Other / Unknown,Medium,en,web,2025-02-17T18:26:56
470,"Indira Nagar ke paas awara kutto ne do bachho ko kaat liya, please jaldi karwai karo. pls jaldi karo",Other / Unknown,High,hinglish,whatsapp,2025-06-19T02:16:09
471,"Dwarka Sector 9 के पास कल रात तूफान के बाद तार टूटकर गिर गया है, बहुत खतरनाक है, किसी को करंट लग सकता है।",Electricity,High,hi,phone,2025-04-26T16:21:01
472,"Koramangala के पास एक्सीडेंट हुआ है और एक घंटे से एम्बुलेंस नहीं आई, चिकित्सा आपातकाल है।",Health,High,hi,phone,2025-05-03T21:33:55
473,"Green Park ke paas ek hafte se illegal parking road ko jam kar rahi hai, please karwai karo.",Other / Unknown,Medium,hinglish,app,2025-06-13T12:41:45
474,"Ward 7 me khambe ki batti 2 hafto se band hai, please technician bhejo.",Lights,Medium,hinglish,phone,2025-04-07T02:41:34
475,"A live wire has fallen near Salt Lake after last night's storm, very dangerous, someone could get electrocuted. please help",Electricity,High,en,app,2025-01-06T01:00:55
476,Suggestion: Rohini me kachra uthane ki frequency hafte me do baar kar di jaye.,Waste,Low,hinglish,phone,2025-03-12T15:32:45
477,"Hauz Khas में सड़क की हालत 2 हफ्तों से खराब है, कृपया मरम्मत करवाएं। कृपया जल्दी करें",Roads,Medium,hi,app,2025-06-10T07:40:59
478,"Patel Nagar me sadak ki halat 5 din se kharab hai, please theek karwao.",Roads,Medium,hinglish,whatsapp,2025-04-28T09:17:46
479,"Nehru Colony me kachra uthane me ek mahine se deri ho rahi hai, badbu badh rai hai.",Waste,Medium,hinglish,app,2025-03-16T07:02:49
480,"Shastri Nagar ke paas sadak me bahut bda gaddha hai jiski wajah se kal accident ho gaya, please turant fix karo.",Roads,High,hinglish,phone,2025-06-08T05:37:37
481,Suggestion: upgrade the old wiring near Dwarka Sector 9 sometime this year. urgent!!!,Electricity,Low,en,app,2025-05-04T00:43:16
482,"Green Park के पास हल्का कचरा जमा हो है, जरूरी नहीं पर देख लें।",Waste,Low,hi,phone,2025-05-13T02:50:54
483,Suggestion: Hauz Khas me paani supply ka time aadha ghanta badha diya jaye. urgent hai please dhyan do,Water,Low,hinglish,app,2025-06-23T08:22:17
484,Suggestion: Kalkaji me paani supply ka time aadha ghanta badha diya jaye.,Water,Low,hinglish,app,2025-04-27T14:42:27
485,"One streetlight bulb near Ashok Vihar is dim, not urgent but could be replaced. pls fix asap",Lights,Low,en,phone,2025-05-16T23:16:09
486,"The lamp post near Mayur Vihar has been dark for a month, please send a technician.",Lights,Medium,en,web,2025-05-15T16:15:56
487,सुझाव: Saket में कचरा उठाने की संख्या हफ्ते में दो बार कर दी जाए। हालत बिगड़ रही है,Waste,Low,hi,app,2025-04-21T21:29:13
488,"Malviya Nagar के पास एक हफ्ते से बिजली बार-बार जा रही है, उपकरण खराब हो हैं। कृपया जल्दी करें",Electricity,Medium,hi,web,2025-03-12T08:17:30
489,Suggestion: Model Town me kachra uthane ki frequency hafte me do baar kar di jaye.,Waste,Low,hinglish,phone,2025-04-09T08:39:48
490,"Green Park में पानी की सप्लाई 5 दिनों से अनियमित है, सुबह नल सूखे रहते हैं। जरूरी नहीं",Water,Medium,hi,whatsapp,2025-06-09T22:03:01
491,There have been frquent power cuts near Koramangala for 3 days now. pls fix asap not urgent,Electricity,Medium,en,whatsapp,2025-01-12T01:04:50
492,Lajpat Nagar के पास सड़क में एक हफ्ते से गड्ढा है जिससे ट्रैफिक जाम हो रहा है।,Roads,Medium,hi,whatsapp,2025-05-28T01:27:53
493,"Vasant Kunj में सड़क की हालत 2 हफ्तों से खराब है, कृपया मरम्मत करवाएं।",Roads,Medium,hi,app,2025-01-18T10:03:28
494,"Patel Nagar ke paas 10 dino se kachra nahi uthaya gaya hai, dustbin bhar gaye hai.",Waste,Medium,hinglish,web,2025-06-05T17:57:59
495,Ashok Vihar में सड़क की हालत एक हफ्ते से खराब कृपया मरम्मत करवाएं। कृपया जल्दी करें,Roads,Medium,hi,app,2025-02-10T11:18:50
496,"A huge trash pile near Patel Nagar is rotting and attracting disease, urgent collection needed before it spreads illness. pls fix asap",Waste,High,en,whatsapp,2025-04-04T14:35:06
497,"Koramangala me raat ko construction ka bahut shor ho raha hai, 5 din se yahi haal hai. urgent hai",Other / Unknown,Medium,hinglish,phone,2025-05-23T22:15:13
498,"Sewage is overflowing into homes near Indira Nagar, extremely unhygienic and dangerous for children, urgent help needed. please look into this",Sanitation,High,en,phone,2025-05-08T06:25:11
499,"Ward 12 me mamuli encroachment hai, zyaa zaroori nahi, bas inform kar raha hu. halat bigad rahi hai",Other / Unknown,Low,hinglish,whatsapp,2025-02-23T12:27:30
500,"MG Road के पास आवारा कुत्तों ने दो बच्चों को काट लिया, कृपया जल्द कार्रवाई करें।",Other / Unknown,High,hi,app,2025-04-02T18:13:39
501,Suggestion: Green Park khuli naali ko safety ke liye dhak diya jaye.,Sanitation,Low,hinglish,web,2025-02-18T04:04:28
502,"Andheri West ke paas paani ke pipe se halka leak hai, urgent nahi par check karwa lena.",Water,Low,hinglish,whatsapp,2025-06-24T14:28:15
503,"Nehru Colony me kachra uthane me ek hafte se deri ho rahi hai, badbu badh rahi hai.",Waste,Medium,hinglish,whatsapp,2025-03-25T05:13:01
504,"Lajpat Nagar के पास आवारा कुत्तों ने दो बच्चों को काट लिया, कृपया जल्द कार्रवाई करें।",Other / Unknown,High,hi,phone,2025-06-23T17:20:44
505,"Stray dog attacks near Vasant Kunj have injured two children, please act urgently.",Other / Unknown,High,en,app,2025-05-25T15:52:03
506,"Low water pressure near Indira Nagar for 5 days now, tankers needed in the meantime. pls fix asap",Water,Medium,en,app,2025-01-15T21:50:47
507,"The lamp post near Model Town has been dark for 10 days, please send a technician. suggestion",Lights,Medium,en,web,2025-02-14T15:12:53
508,"A huge trash pile near Malviya Nagar is rotting and attracting disease, urgent collection needed before it spreads illness.",Waste,High,en,phone,2025-06-11T22:17:36
509,"Indira Nagar ke paas halka kachra jama ho raha hai, urgent nahi par dekh lena.",Waste,Low,hinglish,phone,2025-06-23T11:29:37
510,"There is a dangerous pothole near Dwarka Sector 9 that caused an accident yesterday, please fix urgently. urgent!!!",Roads,High,en,app,2025-06-21T09:43:13
511,"A major water pipeline near Dwarka Sector 9 has burst and is flooding homes, contaminated water mixing in, urgent! pls fix asap",Water,High,en,whatsapp,2025-04-10T09:50:46
512,"The drain near Kalakji has been blocked for 3 days, water is stagnating. whenever convenient",Sanitation,Medium,en,web,2025-04-19T04:04:03
513,"Ward 7 me paani ki supply 2 hafto se irregular hai, subah nal sookhe rehte hai.",Water,Medium,hinglish,phone,2025-06-15T02:37:32
514,"Green Park me mamuli encroachment hai, zyada zaroori nahi, bas inform kar raha hu. urgent hai",Other / Unknown,Low,hinglish,web,2025-04-10T04:40:43
515,Suggestion: monsoon se pehle Ashok Vihar ke paas foggiing karwai jaye. pls jaldi karo,Health,Low,hinglish,phone,2025-03-11T13:27:47
516,"A major fire hazard has been reported near Gandhi Chowk, authorities must act immediately.",Other / Unknown,High,en,app,2025-03-19T17:43:29
517,Ward ke paas sadak me 2 hafto se gaddha hai jisse traffic jam ho raha hai.,Roads,Medium,hinglish,whatsapp,2025-05-07T04:13:40
518,"MG Road me kachra uthane me ek hafte se deri ho rahi hai, badbu badh rahi hai. pls jaldi karo",Waste,Medium,hinglish,app,2025-02-15T01:52:05
519,"Sewage is overflowing into homes near MG Road, extremely unhygienic and dangerous for children, urgent help needed.",Sanitation,High,en,app,2025-01-04T06:16:17
520,"The road near Model Town has muliple potholes making it hard to drive, been like this for 3 days. urgent!!!",Roads,Medium,en,whatsapp,2025-05-23T00:22:10
521,"Vasant Kunj के एक स्ट्रीट लाइट थोड़ी धीमी है, जरूरी नहीं पर बदल दी जाए तो अच्छा है।",Lights,Low,hi,phone,2025-03-31T15:38:00
522,"Stray dog attacks near Ward 7 have injured two children, please act urgently. pls fix asap",Other / Unknown,High,en,whatsapp,2025-02-18T01:29:47
523,"Malviya Nagar me khambe ki batti 2 hafto se band hai, please technician bhejo.",Lights,Medium,hinglish,phone,2025-01-22T22:31:23
524,Shastri Nagar में खंभे की बत्ती 10 दिनों से बंद कृपया तकनीशियन भेजें। कृपया जल्दी करें,Lights,Medium,hi,phone,2025-03-23T07:23:44
525,Suggestion: Nehru Colony ki sadak resurface kar di jaye to accha rahega. urgent hai,Roads,Low,hinglish,app,2025-03-06T01:53:59
526,"Green Park के पास एक हफ्ते से अवैध पार्किंग सड़क को जाम कर रही है, कृपया कार्रवाई करें।",Other / Unknown,Medium,hi,whatsapp,2025-05-24T18:24:35
527,"Rohini में पानी की सप्लाई एक हफ्ते से अनियमित है, सुबह नल सूखे रहते हैं।",Water,Medium,hi,web,2025-04-17T21:30:30
528,"Just a small pothole near Ward 7, not urgent but should be patched sometime. urgent!!!",Roads,Low,en,web,2025-03-15T21:51:36
529,There have been frequent power cuts nera Lajpat Nagar for 3 days now. suggestion,Electricity,Medium,en,phone,2025-03-01T21:49:47
530,"Patel Nagar me khambe ki batti 2 hafto se band hai, please technician bhejo.",Lights,Medium,hinglish,phone,2025-05-20T01:20:18
531,"Minor encroachment issue near Vasant Kunj, not urgent, just flagging.",Other / Unknown,Low,en,phone,2025-01-02T09:45:46
532,"A huge crater has opened up on the road at Civil Lines, two bikes have already skidded, extremely dangerous. please help",Roads,High,en,app,2025-06-10T05:49:29
533,Suggestion: Vasant Kunj me paani supply ka time aadha ghanta badha diya jaye.,Water,Low,hinglish,whatsapp,2025-01-24T14:31:28
534,सुझाव: Koramangaala की पुरानी वायरिंग इस साल बदल दी जाए।,Electricity,Low,hi,app,2025-02-21T02:08:50
535,"Green Park ke paas 5 din se paani ka pressue bahut kam hai, tanker ki zarurat hai.",Water,Medium,hinglish,app,2025-06-16T06:28:26
536,"Andheri West के पास आवारा कुत्ते 5 दिनों से आक्रामक हो गए हैं, एक व्यक्ति को काट लिया।",Health,Medium,hi,phone,2025-05-17T19:31:22
537,"A huge trash pile near Andheri West is rotting and attracting disease, urgent collection needed befre it spreads illness. please help",Waste,High,en,web,2025-04-12T03:36:12
538,"Nehru Colony ke paas ek hafte se illegal parking road ko jam kar rahi hai, please karwai karo. pls jaldi karo",Other / Unknown,Medium,hinglish,phone,2025-02-28T10:33:55
539,Suggestion: Mayur Vihar ki sadak resurface kar di jaye to accha rahega. urgetn hai,Roads,Low,hinglish,phone,2025-04-29T10:15:32
540,"Garbage has not been collected near Salt Lake for 10 days now, bins are overflowing.",Waste,Medium,en,app,2025-01-25T01:22:26
541,"Loud construction noise near MG Road at night for a month, disturbing residents. pls fix asap",Other / Unknown,Medium,en,web,2025-02-01T11:10:25
542,"Salt Lake ke paas ek mahine kachra nahi uthaya gaya hai, dustbin bhar gaye hai.",Waste,Medium,hinglish,web,2025-03-04T19:55:41
543,"Rohini के पास स्ट्रीट लाइट 3 दिन से बंद है और कल रात लूट हो गई, महिलाएं असुरक्षित महसूस कर रही हैं, तुरंत ठीक करें। कृपया जल्दी करें",Lights,High,hi,app,2025-03-25T21:01:58
544,Suggestion: please add more benches in the park near Rohini. please look into this,Other / Unknown,Low,en,web,2025-02-12T07:11:09
545,"Stray attacks near Gandhi Chowk have injured two children, please act urgently.",Other / Unknown,High,en,whatsapp,2025-02-28T19:07:28
546,सुझाव: Nehru Colony में कचरा उठाने की संख्या हफ्ते में दो बार कर दी जाए। कृपया जल्दी करें,Waste,Low,hi,whatsapp,2025-01-04T04:03:41
547,Suggestion: Andheri West ke park me aur benches lagayi jaye.,Other / Unknown,Low,hinglish,whatsapp,2025-01-26T17:08:28
548,"There is a dangerous pothole near Civil Lines that caused an accident yesterday, please fix urgently. pls fix aspa",Roads,High,en,phone,2025-06-14T16:42:22
549,"Ward 12 के पास हल्का कचरा जमा हो रहा है, जरूरी नहीं पर देख लें।",Waste,Low,hi,app,2025-05-02T05:03:48
550,"Malviya Nagar ke paas 3 din se bijli baar baar ja rahi hai, appliances kharab ho rahe hai.",Electricity,Medium,hinglish,whatsapp,2025-04-13T07:04:40
551,"Low water pressure near Andheri Wst for 10 days now, tankers needed in the meantime.",Water,Medium,en,web,2025-04-26T09:57:31
552,"Gandhi Chowk के पास पानी की मुख्य पाइपलाइन फट गई है और घरों में पानी भर रहा है, गंदा पानी मिल रहा है, तुरंत कार्रवाई करें। कृपया जल्दी करें",Water,High,hi,whatsapp,2025-01-24T23:22:10
553,"Ward 12 ke paas naali 5 se band hai, pani jama ho raha hai.",Sanitation,Medium,hinglish,app,2025-06-10T11:07:28
554,"Shastri Nagar के पास 5 दिनों से बिजली बार-बार जा रही है, उपकरण खराब हो रहे हैं।",Electricity,Medium,hi,app,2025-04-18T15:29:59
555,Suggestion: add extra streetlight near Dwarka Sector 9 pak for better visibility.,Lights,Low,en,app,2025-03-13T02:16:40
556,"Rohini ke paas halka voltage fluctuation hai, urgent nahi check karwa lena.",Electricity,Low,hinglish,app,2025-05-08T16:35:40
557,"Ward 7 के पास महीने से बिजली बार-बार जा रही है, उपकरण खराब हो रहे हैं। जब समय मिले",Electricity,Medium,hi,web,2025-04-09T10:20:00
558,"Hauz Khas me mamuli encroachment hai, zyada zaroori nahi, bas inform kar raha hu. pls jaldi karo",Other / Unknown,Low,hinglish,whatsapp,2025-06-29T03:48:31
559,"There has been an accident near Ashok Vihar and no ambulance has arrived for over an hour, medical emergency. please help",Health,High,en,web,2025-02-23T23:58:41
560,"Andheri West के पास एक हफ्ते से कचरा नहीं उठाया गया है, डस्टबिन भर गए हैं।",Waste,Medium,hi,app,2025-06-02T08:27:12
561,There have been frequent power cuts near Rohini 3 days now. whenever convenient,Electricity,Medium,en,whatsapp,2025-04-27T08:44:36
562,सुझाव: Shastri Nagar की खुली नाली को सुरक्षा के लिए ढक दिया जाए।,Sanitation,Low,hi,phone,2025-04-16T03:26:24
563,सुझाव: मानसून से पहले Ashok Vihar के पास फॉगिंग करवाई जाए।,Health,Low,hi,phone,2025-05-07T23:20:29
564,"Patel Nagar me rat ko construction ka bahut shor ho raha hai, 10 dino se yahi haal hai.",Other / Unknown,Medium,hinglish,whatsapp,2025-03-05T15:28:07
565,"Lajpat Nagar ke paas paani pipe se halka leak hai, urgent nahi par check karwa lena. urgent hai",Water,Low,hinglish,whatsapp,2025-01-21T22:10:26
566,"Salt Lake के पास 10 दिनों से कचरा नहीं उठाया गया है, डस्टबिन भर गए हैं।",Waste,Medium,hi,phone,2025-03-17T22:19:24
567,"Mosquito breeding has increased near Vasant Kunj for 2 weeks, residdents fear an outbreak.",Health,Medium,en,web,2025-05-06T06:10:24
568,"Saket में खंभे की बत्ती 3 दिन से बंद है, कृपया तकनीशियन भेजें। बहुत परेशानी हो रही है",Lights,Medium,hi,phone,2025-01-05T00:14:26
569,Suggestion: monsoon se pehle Andheri West ke paas fogging karwai jaye. pls jaldi karo,Health,Low,hinglish,app,2025-04-13T06:50:35
570,"The lamp post near Ashok Vihar has been daark for 2 weeks, please send a technician.",Lights,Medium,en,web,2025-06-19T15:15:50
571,"Vasant Kunj में सड़क की हालत 10 दिनों से खराब है, कृपया मरम्मत करवाएं। कृपया जल्दी करें",Roads,Medium,hi,phone,2025-03-15T14:34:48
572,Suggestion: Civiil Lines ki sadak resurface kar di jaye to accha rahega.,Roads,Low,hinglish,app,2025-02-05T01:23:40
573,Suggestion: Nehru Colony kachra uthane ki frequency haafte me do baar kar di jaye.,Waste,Low,hinglish,web,2025-04-16T03:33:25
574,Suggestion: cover the open drain near Saket for safety. urgent!!!,Sanitation,Low,en,app,2025-01-06T00:50:10
575,Suggestion: Rohini me kachra uthane ki frequency hafte me do baar kar di jaye.,Waste,Low,hinglish,whatsapp,2025-03-27T09:50:32
576,"Malviya Nagar के पास फुटपाथ में छोटी सी दरार है, समय मिलने पर ठीक करवा दें।",Roads,Low,hi,whatsapp,2025-05-10T02:42:04
577,"Malviya Nagar ke paas kal raat tufan ke baad tar toot kar gir gaya hai, bahut khatarnak hai, kisi ko current lag sakta hai. urgent hai please dhyan do",Electricity,High,hinglish,web,2025-03-10T20:10:23
578,Suggestion: increase water supply timing near Ward 7 by half an hour. urgent!!! please look into this,Water,Low,en,whatsapp,2025-06-12T05:14:44
579,"MG Road के पास 5 दिनों से मच्छरों का प्रकोप बढ़ रहा है, लोग बीमारी फैलने से डर रहे हैं। जब समय मिले",Health,Medium,hi,web,2025-06-28T15:27:47
580,"Garbage has not been collected near Civil Lines for 2 weks now, bins are overflowing. pls fix asap",Waste,Medium,en,web,2025-05-21T14:32:02
581,सुझाव: Mayur Vihar की पुरानी वायरिंग इस साल बदल जाए।,Electricity,Low,hi,web,2025-04-07T21:57:14
582,"Waste collection near MG Road has been delayed for 5 days, smell is getting bad. please help",Waste,Medium,en,whatsapp,2025-03-31T15:48:45
583,Suggestion: cover the open drain near Mayur Vihar for safety. please help,Sanitation,Low,en,web,2025-02-18T05:24:40
584,"Water supply near Patel Nagar has been irregular for 3 days, taps run dry most mornings.",Water,Medium,en,whatsapp,2025-04-19T13:42:25
585,"Hauz Khas ke paas 2 hafto se paani ka pressure bahut kam hai, tanker ki zarurat hai.",Water,Medium,hinglish,app,2025-02-02T03:46:13
586,"There is a dangeroous pothole near Sector 21 that caused an accident yesterday, please fix urgently. pls fix asap",Roads,High,en,web,2025-06-01T15:21:42
587,"Low water pressure near Mayur Vihar for a month now, tankers needed in the meantime. suggestion",Water,Medium,en,whatsapp,2025-03-21T04:41:39
588,"Indira Nagar के पास 5 दिनों से अवैध पार्किंग सड़क को जाम कर रही है, कृपया कार्रवाई करें। जरूरी नहीं",Other / Unknown,Medium,hi,app,2025-01-20T11:54:35
589,"Vasant Kunj के पास 5 दिनों से कचरे का ढेर लगा है, मेडिकल वेस्ट भी मिला है, चूहे और आवारा कुत्ते बढ़ रहे हैं, स्वास्थ्य के लिए खतरा है।",Waste,High,hi,whatsapp,2025-03-14T23:36:34
590,"Sector 21 के पास कल रात तूफान के बाद तार टूटकर गिर गया है, बहुत खतरनाक है, किसी को करंट लग सकता है। कृपया जल्दी करें",Electricity,High,hi,whatsapp,2025-02-06T06:39:02
591,"A live wire has fallen near Model Town after last night's storm, very dangerous, someone could get electrocuted. please help getting worse",Electricity,High,en,whatsapp,2025-06-11T08:56:11
592,"Ward 12 के पास स्ट्रीट लाइट एक महीने से है और कल रात लूट हो गई, महिलाएं असुरक्षित महसूस कर रही हैं, तुरंत ठीक करें। कृपया जल्दी करें हालत बिगड़ रही है",Lights,High,hi,app,2025-02-13T23:59:01
593,"A huge trash pile near Lajpat Nagar is rotting and attracting disease, urgent collection needed before it spreads illness.",Waste,High,en,whatsapp,2025-02-16T06:55:25
594,"Civil Lines के पास फुटपाथ में छोटी सी दरार है, समय मिलने पर ठीक करवा दें। बहुत परेशानी हो रही है कृपया ध्यान दें",Roads,Low,hi,whatsapp,2025-03-16T11:56:47
595,"Salt Lake ke paas dengue ke kai cases aaye hai, machhar bahut badh gaye hai, turant fogging karwao. halat bigad rahi hai",Health,High,hinglish,app,2025-06-20T07:14:42
596,"Malviya Nagar में कचरा उठाने में 3 दिन से देरी हो रही है, बदबू बढ़ रही है।",Waste,Medium,hi,phone,2025-05-13T22:57:40
597,"Ward 7 me sadak ki halat ek mahine se kharab hai, please theek karwao. urgent hai",Roads,Medium,hinglish,phone,2025-05-19T01:18:25
598,Suggestion: please add more benches in the prk near Patel Nagar. pls fix asap,Other / Unknown,Low,en,app,2025-02-12T19:05:31
599,"Hauz Khas ke paas streetlight ek mahine se band hai aur kal raaat loot ho gayi, mahilaye unsafe feel kar rahi hai, turant theek karo.",Lights,High,hinglish,web,2025-02-02T03:31:12
600,सुझाव: मानसून से पहले Dwarka Sector 9 के पास फॉगिंग करवाई जाए। बहुत परेशानी हो रही है,Health,Low,hi,web,2025-05-27T23:31:47
601,"MG Road ke paas ek hafte se machhar badh rahe hai, log bimari failne se dar rahe hai.",Health,Medium,hinglish,app,2025-06-03T13:44:47
602,"Green Park me khambe ki batti ek mahine se band hai, please technnician bhejo.",Lights,Medium,hinglish,app,2025-06-15T22:18:24
603,Lajpat Nagar के पास सड़क में 2 हफ्तों से गड्ढा है जिससे ट्रैफिक जाम हो रहा है। जब समय मिले,Roads,Medium,hi,whatsapp,2025-01-22T09:02:10
604,"Indira Nagar के पास फुटपाथ में छोटी सी दरार है, समय मिलने पर ठीक करवा दें।",Roads,Low,hi,app,2025-06-10T17:59:24
605,"A major water pipeline nar Ward 12 has burst and is flooding homes, contaminated water mixing in, urgent!",Water,High,en,whatsapp,2025-04-11T11:52:42
606,"Malviya Nagar के पास 10 दिनों से अवैध पार्किंग सड़क को जाम रही है, कृपया कार्रवाई करें।",Other / Unknown,Medium,hi,phone,2025-03-09T03:09:45
607,"MG Road के पास पानी की मुख्य पाइपलाइन फट गई है और घरों में पानी भर रहा है, गंदा पानी मिल रहा है, तुरंत कार्रवाई करें। कृपया जल्दी करें",Water,High,hi,whatsapp,2025-06-19T10:14:59
608,"Minor hygiene issue at the community clinic near Indra Nagar, not urgent.",Health,Low,en,phone,2025-04-22T18:39:54
609,"Waste collection near Vasant Kunj has been delayeed for 5 days, smell is getting bad. urgent!!!",Waste,Medium,en,whatsapp,2025-04-03T16:28:17
610,"Nehru Colony के पास नाली एक हफ्ते से बंद है, पानी जमा हो रहा है।",Sanitation,Medium,hi,web,2025-01-26T07:47:31
611,"Ward 7 के पास डेंगू के कई मामले सामने आए हैं, मच्छरों का प्रकोप बढ़ गया है, तुरंत फॉगिंग करवाएं।",Health,High,hi,whatsapp,2025-03-12T15:34:28
612,"Garbage has not been collected near Kalkaji for 3 days now, bins are overflowing. fix asap suggestion",Waste,Medium,en,app,2025-05-17T14:01:46
613,"Hauz Khas ke paas peene ke paani me sewage mix ho raha hai, family bimar pad rahi hai, turant dhyan do. urgent hai halat bigad rahi hai",Water,High,hinglish,phone,2025-01-10T14:24:37
614,"Mosquito breeding has increased near Model Town for a week, residents fear an outbreak. urgent!!!",Health,Medium,en,web,2025-01-29T21:02:19
615,"All streetlights on the main stretch near Civil Lines are out, pitch dark at night, very dangerous for commuters.",Lights,High,en,web,2025-03-09T09:28:36
616,"Malviya Nagar के पास सड़क में बहुत बड़ा गड्ढा है जिसकी वजह से कल एक दुर्घटना हो गई, कृपया तुरंत ठीक करें।",Roads,High,hi,web,2025-06-20T20:11:32
617,"Lajpat Nagar के पास 2 हफ्तों से कचरा नहीं उठाया गया है, डस्टबिन भर गए हैं।",Waste,Medium,hi,web,2025-01-05T10:38:57
618,"Salt Lake ki sabhi streetlights band hai, raat me pura andhera rehta hai, bahut khatarnak hai.",Lights,High,hinglish,web,2025-06-07T21:21:57
619,"Illegal parking near Ashok Vihar has been blocking the road for 10 days, please take action.",Other / Unknown,Medium,en,whatsapp,2025-06-01T07:53:02
620,"Lajpat Nagar के पास स्ट्रीट लाइट 10 दिनों से बंद है और कल रात लूट हो गई, महिलाएं असुरक्षित महसूस कर रही हैं, तुरंत ठीक करें।",Lights,High,hi,phone,2025-05-28T02:41:06
621,"Stray dog attacks near Lajpat Nagar have injured children, please act urgently.",Other / Unknown,High,en,whatsapp,2025-01-02T15:40:03
622,"Hauz Khas की सभी स्ट्रीट लाइटें बंद हैं, रात में पूरा अंधेरा रहता है, बहुत खतरनाक है। हालत बिगड़ रही है",Lights,High,hi,phone,2025-06-08T23:15:53
623,"Ashok Vihar में कचरा उठाने में 5 दिनों से देरी हो रही है, बदबू बढ़ रही है। जब समय मिले",Waste,Medium,hi,app,2025-01-05T12:37:33
624,"Saket के पास आवारा कुत्ते एक हफ्ते से आक्रामक हो गए हैं, एक व्यक्ति को काट लिया। कृपया जल्दी करें",Health,Medium,hi,phone,2025-03-04T07:40:21
625,"Shastri Nagar ke paas naali ek hafte se band hai, pani jama ho raha hai.",Sanitation,Medium,hinglish,phone,2025-01-09T09:58:38
626,"Patel Nagar ke paas 10 dino se kachre ka dher laga hai, medical waste bhi mila hai, chuhe aur awara kutte badh rahe hai, health hazard hai. pls jaldi karo",Waste,High,hinglish,app,2025-02-15T01:08:19
627,"Shastri Nagar में सड़क की हालत 3 दिन से खराब है, कृपया मरम्मत करवाएं।",Roads,Medium,hi,app,2025-03-09T22:45:27
628,"Green Park के पास 5 दिनों से मच्छरों का प्रकोप बढ़ रहा है, लोग बीमारी फैलने से डर रहे हैं।",Health,Medium,hi,app,2025-01-07T21:22:42
629,Suggestion: Malviya Nagar me kachra uthane ki frequency hafte me do baar kar di jaye. urgent hai,Waste,Low,hinglish,app,2025-04-08T14:12:07
630,"Indira Nagar में खंभे की बत्ती 3 दिन से बंद है, कृपया तकनीशियन भेजें।",Lights,Medium,hi,web,2025-02-15T11:27:00
631,"The lamp post near Malviya Nagar has been dark for a week, please send technician. please help",Lights,Medium,en,whatsapp,2025-03-01T20:58:31
632,"Mosquito breeding has increased near Koramangala for a month, residents fear an outbreak.",Health,Medium,en,whatsapp,2025-03-19T08:01:19
633,सुझाव: Mayur Vihar की सड़क का पुनर्निर्माण कर दिया जाए तो अच्छा रहेगा। बहुत परेशानी हो रही है,Roads,Low,hi,whatsapp,2025-06-10T11:30:36
634,Suggestion: please add more benches in the park near Lajpat Nagar. urgent!!!,Other / Unknown,Low,en,app,2025-01-16T17:57:53
635,सुझाव: Ward 7 की खुली नाली को सुरक्षा के लिए ढक दिया जाए। बहुत परेशानी हो रही है,Sanitation,Low,hi,web,2025-01-30T16:51:10
636,"Kalkaji ke paas accident hua hai aur ek ghaante se ambulance nahi aayi, medical emergency hai.",Health,High,hinglish,web,2025-02-03T22:55:17
637,"Sector 21 ki sabhi streetlights band hai, raat me pura andhera rehta hai, bahut khatarnak hai. pls jaldi karo",Lights,High,hinglish,web,2025-06-02T17:16:45
638,"Dwarka Sector 9 me sadak achanak dhans gayi hai, bahut khatarnak hai, jalddi repair karwao. pls jaldi karo",Roads,High,hinglish,whatsapp,2025-04-14T19:56:59
639,"Just a small pothole near Salt Lake, not urgent but should be patched sometime. urgent!!! please look into this",Roads,Low,en,web,2025-01-13T12:08:33
640,"Rohini ke paas 5 se bijli baar baar ja rahi hai, appliances kharab ho rahe hai.",Electricity,Medium,hinglish,whatsapp,2025-05-24T22:49:14
641,"Minor litter accumulating near Model Town, urgent but worth a look.",Waste,Low,en,phone,2025-03-25T17:59:48
642,"The drain near Sector 21 has been blocked for 2 weeks, water is stagnating.",Sanitation,Medium,en,app,2025-02-21T06:46:20
643,"Saket ke paas ek hafte machhar badh rahe hai, log bimari failne se dar rahe hai.",Health,Medium,hinglish,web,2025-03-19T11:10:34
644,"Minor encroachment issue near Indira Nagar, not urgent, just flagging. please help",Other / Unknown,Low,en,app,2025-03-13T06:29:33
645,"Civil Lines ke paas 5 din se kachre ka dher laga hai, medical waste bhi mila hai, chuhe aur awara kutte badh rahe hai, health hazard hai. urgent hai",Waste,High,hinglish,phone,2025-03-04T00:19:30
646,"Rohini के पास 10 दिनों से कचरे का ढेर लगा है, मेडिकल वेस्ट भी मिला है, चूहे और आवारा कुत्ते बढ़ रहे हैं, स्वास्थ्य के लिए खतरा है। बहुत परेशानी हो रही है हालत बिगड़ रही है",Waste,High,hi,phone,2025-06-10T04:36:09
647,"Nehru Colony सड़क अचानक धंस गई है, यह बहुत खतरनाक है, जल्द मरम्मत करें। कृपया ध्यान दें",Roads,High,hi,app,2025-04-14T04:21:53
648,"The drain near Rohini has ben blocked for a week, water is stagnating.",Sanitation,Medium,en,whatsapp,2025-02-14T11:05:35
649,"Gandhi Chowk में नाली एक महीने से जाम है, बदबू फैल रही है।",Sanitation,Medium,hi,phone,2025-06-07T12:50:37
650,"A live wire has flalen near Kalkaji after last night's storm, very dangerous, someone could get electrocuted.",Electricity,High,en,phone,2025-01-02T08:55:54
651,"Sakt ke paas 2 hafto se machhar badh rahe hai, log bimari failne se dar rahe hai. urgent hai",Health,Medium,hinglish,app,2025-01-22T05:09:37
652,"Vasant Kunj में पानी की सप्लाई 3 दिन से अनियमित है, सुबह नल सूखे रहते हैं। बहुत परेशानी हो रही है",Water,Medium,hi,phone,2025-02-20T22:10:23
653,"Vasant Kunj ke paas ek hafte se bijli baar baar ja rahi hai, appliances kharab ho rahe hai.",Electricity,Medium,hinglish,app,2025-06-28T20:42:09
654,"Stray dog attacks near Sector 21 have injured two children, please act urgently. pls fix asap",Other / Unknown,High,en,phone,2025-01-29T09:49:41
655,"Koramangala में पानी की सप्लाई 2 हफ्तों से अनियमित है, सुबह नल सूखे रहते हैं।",Water,Medium,hi,whatsapp,2025-06-06T07:07:59
656,"A huge trash pile near Dwarka Sector 9 is rotting and attracting disease, urgent collection needed before it spreads illness. please help need this fixed",Waste,High,en,web,2025-05-09T12:38:39
657,"One streetlight bulb near Dwarka Sector 9 is dim, not urgent but could be replaced. please help",Lights,Low,en,phone,2025-05-06T06:05:22
658,"A live wire has fallen near Civil Lines after last night's storm, very dangerous, someone could get electrocuted.",Electricity,High,en,whatsapp,2025-03-08T22:49:40
659,"Shastri Nagar के पास 3 दिन से मच्छरों का प्रकोप बढ़ रहा है, लोग बीमारी फैलने से डर रहे हैं। कृपया जल्दी करें",Health,Medium,hi,whatsapp,2025-04-11T12:57:20
660,Suggestion: Ward 7 me paani supply ka time aadha ghanta badha diya jaye. urgent hai,Water,Low,hinglish,web,2025-01-24T20:00:36
661,"Ward 12 me paani ki supply 5 din se irregular hai, subah nal sookhe rehte hai.",Water,Medium,hinglish,app,2025-02-19T10:42:38
662,Suggestion: Gandhi Chowk ki khuli naali ko safety ke liye dhak diya jaye.,Sanitation,Low,hinglish,phone,2025-03-01T02:12:36
663,"Dwarka Sector 9 की सभी स्ट्रीट लाइटें बंद हैं, रात में पूरा अंधेरा रहता है, बहुत खतरनाक है। कृपया जल्दी करें",Lights,High,hi,whatsapp,2025-04-26T09:01:35
664,"Kalkaji के पास सड़क में बहुत बड़ा गड्ढा है जिसकी वजह से कल एक दुर्घटना हो गई, कृपया तुरंत ठीक करें। बहुत परेशानी हो रही है",Roads,High,hi,app,2025-01-25T03:31:44
665,"Mosquito breeding has increased near Wad 12 for a week, residents fear outbreak.",Health,Medium,en,whatsapp,2025-02-04T14:52:02
666,There have been frequent power cuts near Saket for 5 days now.,Electricity,Medium,en,phone,2025-01-17T04:18:51
667,"Indira Nagar ke paas halka kachra jaam ho raha hai, urgent nahi par dekh lena.",Waste,Low,hinglish,whatsapp,2025-02-15T16:02:27
668,"The road near Malviya Nagar has multiple ptholes making it hard to drive, been like this for 2 weeks.",Roads,Medium,en,app,2025-04-29T20:44:51
669,सुझाव: Andheri West के पार्क में एक और स्ट्रीट लाइट लगाई जाए।,Lights,Low,hi,web,2025-04-14T18:46:22
670,"Malviya Nagar में रात को निर्माण कार्य का बहुत शोर हो रहा है, 2 हफ्तों से यही हाल है।",Other / Unknown,Medium,hi,phone,2025-06-29T04:54:03
671,"Green Park के पास एक स्ट्रीट लाइट थोड़ी धीमी है, जरूरी नहीं पर बदल दी जाए तो अच्छा है।",Lights,Low,hi,phone,2025-01-03T00:17:36
672,"Gandhi Chowk ke pas 2 hafto se bijli baar baar ja rahi hai, appliances kharab ho rahe hai. urgent nahi",Electricity,Medium,hinglish,whatsapp,2025-02-23T18:25:30
673,"Salt Lake के पास 5 दिनों से पानी का प्रेशर बहुत कम है, टैंकर की जरूरत है।",Water,Medium,hi,phone,2025-02-08T03:16:47
674,Suggestion: Lajpat Nagar ki purani wiring is saal badal di jaye. pls jaldi karo,Electricity,Low,hinglish,web,2025-06-14T12:29:47
675,Suggestion: condct a fogging drive near Rohini before monsoon season. pls fix asap,Health,Low,en,app,2025-04-11T03:39:55
676,"Minor voltage flicker near Hauz Khas, not urgnet but worth checking.",Electricity,Low,en,app,2025-04-19T06:25:25
677,सुझाव: Green Park की खुली नाली को सुरक्षा के लिए ढक दिया जाए।,Sanitation,Low,hi,web,2025-03-31T03:24:25
678,"Mayur Vihar के पास 5 दिनों से बिजली बार-बार जा रही है, उपकरण खराब हो रहे हैं।",Electricity,Medium,hi,whatsapp,2025-04-14T14:46:23
679,"Green Park ke paas 10 dino se kachra nahi uthaya gaya hai, dustbin bhar gaye hai. pls jaldi karo",Waste,Medium,hinglish,web,2025-01-30T12:08:04
680,"Sector 21 के पास हल्का वोल्टेज उतार-चढ़ाव है, जरूरी नहीं पर जांच करवा लें।",Electricity,Low,hi,app,2025-04-05T16:27:13
681,Suggestion: Koramangala ki purani wiring is saal badal di jaye.,Electricity,Low,hinglish,app,2025-06-10T14:42:32
682,"A huge trash pile near Hauz Khas is rotting and attracting disease, urgent collection needed before it spreads illness. pls fix asap",Waste,High,en,whatsapp,2025-03-02T09:48:31
683,"Kalkaji me paani ki supply 5 din se irregular hai, subah nal sookhe rehte hai.",Water,Medium,hinglish,whatsapp,2025-06-27T01:42:37
684,"Shastri Nagar के पास नाली एक महीने से बंद है, पानी जमा हो रहा है। बहुत परेशानी हो रही है सुझाव",Sanitation,Medium,hi,phone,2025-04-30T07:21:07
685,"There has been an accident near Green Park and no ambulance has arrived for over an hour, medical emergency. please help",Health,High,en,app,2025-04-06T20:31:17
686,"Stray dogs near Kalkaji have been aggresive for 10 days, a resident was bitten. suggestion",Health,Medium,en,phone,2025-06-27T15:04:16
687,"Gandhi Chowk के पास 3 दिन से पानी का प्रेशर बहुत कम है, टैंकर जरूरत है।",Water,Medium,hi,app,2025-06-21T12:19:01
688,"Minor drip from a water pipe near Shastri Nagar, not urgent but should be checked.",Water,Low,en,whatsapp,2025-04-02T04:40:05
689,Vasant Kunj के पास सड़क में 3 दिन से गड्ढा है जिससे ट्रैफिक जाम हो रहा है। बहुत परेशानी हो रही है,Roads,Medium,hi,web,2025-01-16T06:02:27
690,"Nehru Colony में रात को निर्माण कार्य का बहुत शोर हो रहा है, एक हफ्ते से यही हाल है। बहुत परेशानी हो रही है",Other / Unknown,Medium,hi,app,2025-04-27T00:33:53
691,Suggestion: upgrade the old wiring near Vasant Kunj sometime this year. pls fix asap,Electricity,Low,en,phone,2025-04-29T11:08:08
692,"Waste collection near Dwarka Sector 9 has been delayed for 3 days, smell is getting bad. not urgent",Waste,Medium,en,whatsapp,2025-01-02T10:56:05
693,"MG Road ke paas dengue ke kai cases aaye hai, machhar bahut badh gaye hai, turant fogging karwao.",Health,High,hinglish,web,2025-05-20T22:32:14
694,"Ashok Vihar के पास सीवेज घरों में रहा है, बच्चों के लिए बहुत खतरनाक और गंदा है, तुरंत मदद चाहिए।",Sanitation,High,hi,phone,2025-06-01T21:06:30
695,"Minor crack developing on the footpath near Lajpat Nagar, suggest repairing before monsoon. pls fix asap",Roads,Low,en,phone,2025-06-02T19:19:01
696,"Minor drip from a water pipe near Sector 21, not urgent but should be checked. need this fixed",Water,Low,en,app,2025-01-10T20:04:58
697,"The draain near Lajpat Nagar has burst and sewage water is flooding the street, health emergency. pls fix asap",Sanitation,High,en,phone,2025-01-28T22:57:36
698,"Sewage is overflowing into homes near Model Town, extremely unhygienic and dangerous for children, urgent help needed.",Sanitation,High,en,app,2025-05-29T08:28:57
699,"Ward 12 me sadak ki halat ek hafte se kharab hai, please theek karwao.",Roads,Medium,hinglish,phone,2025-06-16T02:55:27
700,"Nehru Colony ke paas 2 hafto se ilelgal parking road ko jam kar rahi hai, please karwai karo. urgent hai urgent nahi",Other / Unknown,Medium,hinglish,web,2025-04-07T23:51:28
701,"Waste collection near Ward 7 has been delayed for a week, smell is getting bad. please help",Waste,Medium,en,whatsapp,2025-05-21T11:49:13
702,"Shastri Nagar के पास हल्का वोल्टेज उतार-चढ़ाव है, जरूरी नहीं पर जांच करवा लें। कृपया ध्यान दें",Electricity,Low,hi,web,2025-01-03T02:13:22
703,"MG Road के पास एक्सीडेंट हुआ है एक घंटे से एम्बुलेंस नहीं आई, चिकित्सा आपातकाल है।",Health,High,hi,app,2025-04-13T12:54:29
704,"Ward 7 ke paas 2 hafto se machhar badh rahe hai, log bimari failne se dar rahe hai. pls jaldi karo",Health,Medium,hinglish,app,2025-06-12T16:21:34
705,"A huge crater has opened up on the road at Mayur Vihar, two bikes have already skidded, extremely dangerous. pls fix asap getting worse",Roads,High,en,whatsapp,2025-05-09T06:30:16
706,"Koramangala ke paas 5 din se paani ka pressure bahut kam hai, tanker ki zarurat hai.",Water,Medium,hinglish,phone,2025-03-13T20:15:54
707,"The transformer near Mayur Vihar is sparking badly, extremely khatarnak, could catch fire, urget action needed. urgent!!!",Electricity,High,en,whatsapp,2025-01-08T16:06:49
708,Suggestion: please increase garbage collection frequency naer Nehru Colony to twice a week.,Waste,Low,en,web,2025-06-25T21:38:14
709,"Shastri Nagar ke paas sadak me bahut bada gaddha hai jiski wajah se kal accident ho gaya, please turant fix karo.",Roads,High,hinglish,phone,2025-04-24T16:05:54
710,"Shastri Nagar की सभी स्ट्रीट लाइटें बंद हैं, रात में पूरा अंधेरा रहता है, बहुत खतरनाक है।",Lights,High,hi,whatsapp,2025-05-11T08:09:51
711,"Minor drip from a water pipe near Koramangala, urgent but should be checked. please help getting worse",Water,Low,en,whatsapp,2025-06-10T02:47:02
712,"Nehru Colony के पास हल्का कचरा जमा हो रहा है, जरूरी नहीं पर देख लें। बहुत परेशानी हो रही है",Waste,Low,hi,phone,2025-06-04T00:16:13
713,"One streetlight bulb near Vasant Kunj is dim, not urgent but could be replaced.",Lights,Low,en,web,2025-04-26T09:34:07
714,There have been frequent pwoer cuts near Patel Nagar for 10 days now. pls fix asap,Electricity,Medium,en,web,2025-04-19T12:31:04
715,सुझाव: Model Town में पानी सप्लाई का समय आधा घंटा बढ़ा दिया जाए।,Water,Low,hi,app,2025-06-15T14:57:37
716,"Hauz Khas me naali din se jam hai, badbu fail rahi hai. suggestion",Sanitation,Medium,hinglish,whatsapp,2025-04-22T14:56:13
717,"Gandhi Chowk ke paas 5 din se kachra nahi uthaya gaya hai, dustbin bhar gaye hai.",Waste,Medium,hinglish,phone,2025-06-05T11:31:22
718,"Rohini के पास 2 हफ्तों से अवैध पार्किंग सड़क को जाम कर रही है, कृपया कार्रवाई करें। कृपया जल्दी करें",Other / Unknown,Medium,hi,web,2025-02-02T01:14:26
719,"Rohini के पास नाली दिनों से बंद है, पानी जमा हो रहा है।",Sanitation,Medium,hi,phone,2025-06-04T11:54:14
720,"Hauz Khas ke paas naali 2 hafto se band hai, pani jama ho raha hai.",Sanitation,Medium,hinglish,whatsapp,2025-06-13T19:23:44
721,"A major fire hazard has been reported near Salt Lake, authorities must act immediately. getting worse",Other / Unknown,High,en,phone,2025-05-15T06:22:11
722,सुझाव: Patel Ngar के पार्क में और बेंच लगाई जाएं।,Other / Unknown,Low,hi,web,2025-01-15T16:08:34
723,सुझाव: मानसून से पहले Saket के फॉगिंग करवाई जाए। कृपया ध्यान दें,Health,Low,hi,phone,2025-02-27T06:11:47
724,सुझाव: मानसून से पहले MG Road के पास फॉगिंग करवाई जाए।,Health,Low,hi,phone,2025-03-11T06:12:06
725,"One streetlight bulb near Model Town is dim, not urgent but could be replaced. urgent!!!",Lights,Low,en,app,2025-06-13T23:55:54
726,"Kalkaji ke paas peene ke paani me sewage mix ho raha hai, family bimar pad rahi hai, turant dhyan do.",Water,High,hinglish,whatsapp,2025-05-14T16:40:51
727,"Indira Nagar के पास सड़क में बहुत बड़ा गड्ढा है जिसकी वजह से कल एक दुर्घटना हो गई, कृपया तुरंत ठीक करें। बहुत परेशानी हो रही है",Roads,High,hi,app,2025-03-21T14:31:36
728,"There has been an accident near Indira Nagar and ambulance has arrived for over an hour, medical emergency.",Health,High,en,app,2025-01-06T21:21:59
729,"MG Road के पानी की मुख्य पाइपलाइन फट गई है और घरों में पानी भर रहा है, गंदा पानी मिल रहा है, तुरंत कार्रवाई करें।",Water,High,hi,phone,2025-02-11T02:43:50
730,"Sewage is overflowing into homes near Lajpat Nagar, extremely unhygienic and dangerous for children, urgent help needed. urgent!!!",Sanitation,High,en,phone,2025-03-25T04:23:53
731,"A major fire hazard has been reported naer Andheri West, authorities must act immediately.",Other / Unknown,High,en,phone,2025-04-03T07:30:41
732,"Dwarka Sector 9 ke paas kal raat tufan ke baad tar toot kar gir gaya hai, bahut khatarnak hai, kisi ko current lag sakta hai. pls jaldi karo",Electricity,High,hinglish,web,2025-02-01T16:50:46
733,Green Park के पास स्ट्रीट लाइट एक महीने से टिमटिमा रही है और बंद हो जाती है।,Lights,Medium,hi,whatsapp,2025-04-08T16:58:32
734,"Nehru Colony की सभी स्ट्रीट लाइटें बंद हैं, में पूरा अंधेरा रहता है, बहुत खतरनाक है।",Lights,High,hi,phone,2025-03-15T19:32:25
735,Shastri Nagar ke paas sadak me hafto se gaddha hai jisse traffic jam ho raha hai.,Roads,Medium,hinglish,whatsapp,2025-04-17T06:23:41
736,"Vasant Kunj के पास एक हफ्ते से कचरा नहीं उठाया गया है, डस्टबिन भर गए हैं। बहुत परेशानी हो रही है जरूरी नहीं",Waste,Medium,hi,app,2025-02-22T23:45:20
737,"Gandi Chowk में सड़क अचानक धंस गई है, यह बहुत खतरनाक है, जल्द मरम्मत करें।",Roads,High,hi,phone,2025-03-15T15:24:04
738,"Water supply near Ward 7 been irregular for 2 weeks, taps run dry most mornings. please help",Water,Medium,en,whatsapp,2025-04-15T20:43:52
739,"Koramangala के पास नाली से हल्की बदबू आ रही है, जरूरी नहीं पर सफाई करवा दें। हालत बिगड़ रही है",Sanitation,Low,hi,phone,2025-06-09T09:39:03
740,"Mayur Vihar ke paas bade aag lagne ka khatra bataya gaya hai, prashasan turant karwai kare.",Other / Unknown,High,hinglish,web,2025-05-22T17:33:19
741,"Loud construction noise near Hauz Khas at night 10 days, distubing residents.",Other / Unknown,Medium,en,web,2025-06-03T08:32:42
742,"Sewage is overflowing into homes near Salt Lake, extremely unhygienic and dangerous for children, urgent help needed.",Sanitation,High,en,app,2025-06-06T01:22:11
743,"Minor hygiene issue at the community clinic near Salt Lake, not urgent.",Health,Low,en,phone,2025-02-14T14:40:37
744,"Indira Nagar ke paas peene ke paani me sewage mix ho raha hai, family bimar pad rahi hai, turant dhyan do.",Water,High,hinglish,whatsapp,2025-04-24T11:40:56
745,"Rohini के पास पानी के पाइप से हल्का रिसाव है, जरूरी नहीं पर जांच करवा लें।",Water,Low,hi,app,2025-06-05T03:30:22
746,"Mosquito breeding has increased near Vasant Kunj for a month, residents fear an outbreak. pls fix asap",Health,Medium,en,whatsapp,2025-06-09T10:26:58
747,Saket के पास स्ट्रीट लाइट 5 दिनों से टिमटिमा रही है और बंद हो जाती है।,Lights,Medium,hi,phone,2025-02-08T10:55:06
748,"The lamp posst near Saket has been dark for a month, please send a technician.",Lights,Medium,en,whatsapp,2025-04-17T19:59:49
749,"Multiple dengue cases have been reported near Koramangala, mosquito breeding is out of control, urgent fogging needed. need this fixed",Health,High,en,web,2025-02-02T20:56:17
750,"Kalkaji के पास डेंगू के कई मामले सामने आए हैं, मच्छरों का प्रकोप बढ़ गया है, तुरंत फॉगिंग करवाएं।",Health,High,hi,web,2025-06-05T16:20:05
751,"Andheri West me sadak ki halat ek hafte se kharab hai, please theek karwao.",Roads,Medium,hinglish,app,2025-01-21T22:11:27
752,"There has been an accident near Lajpat Nagar and no ambulance has arrived for over an hour, medical emergency. pls fix asap",Health,High,en,phone,2025-01-22T09:15:15
753,"Rohini में सड़क की हालत 3 दिन से खराब है, कृपया मरम्मत करवाएं। बहुत परेशानी हो रही है",Roads,Medium,hi,web,2025-03-06T17:23:36
754,Suggestion: Shastri Nagar ki purani wiring is saal badal di jaye.,Electricity,Low,hinglish,phone,2025-03-31T14:14:56
755,सुझाव: Rohini के पार्क में एक और स्ट्रीट लाइट लगाई जाए।,Lights,Low,hi,whatsapp,2025-02-03T14:05:03
756,"Gandhi Chowk me naali 3 din se jam hai, badbu fail rahi hai.",Sanitation,Medium,hinglish,phone,2025-03-02T15:23:46
757,"Model Town me sadak ki halat ek mahine se kharba hai, please theek karwao. pls jaldi karo",Roads,Medium,hinglish,phone,2025-03-30T12:06:13
758,"Vasant Kunj के पास पानी के पाइप से हल्का रिसाव है, जरूरी नहीं पर जांच करवा लें। कृपया जल्दी करें",Water,Low,hi,phone,2025-03-07T06:52:55
759,There have been frequent power cuts near Indira Nagar for 3 days now.,Electricity,Medium,en,web,2025-02-27T01:42:35
760,"All streetlights on the main stretch near Lajpat Nagar are out, pitch dark at night, very dangerous for commuters. please help",Lights,High,en,phone,2025-05-01T01:35:06
761,"Patel Nagar में सड़क की हालत 5 दिनों से खराब है, कृपया मरम्मत करवाएं। बहुत परेशानी हो रही है",Roads,Medium,hi,whatsapp,2025-06-29T14:39:17
762,Suggestion: monsoon se pehle Kalkaji ke paas fogging karwai jaye. halat bigad rahi hai,Health,Low,hinglish,phone,2025-04-01T09:40:09
763,"Ashok Vihar के पास हल्का कचरा जमा हो रहा है, जरूरी नहीं पर देख लें।",Waste,Low,hi,whatsapp,2025-04-18T12:50:57
764,"Indira Nagar ke paas paani ke pipe se halka leak hai, urgent nahi par check karwa lena. urgent hai",Water,Low,hinglish,whatsapp,2025-01-30T18:41:17
765,"Nehru Colony me naali 3 din se jam hai, badbu fail rahi hai. pls jaldi karo",Sanitation,Medium,hinglish,whatsapp,2025-04-27T00:59:44
766,"Nehru Colony sabhi streetlights band hai, raat me pura andhera rehta hai, bahut khatarnak hai. urgent hai",Lights,High,hinglish,app,2025-05-24T11:50:04
767,"Indira Nagar के पास एक स्ट्रीट लाइट थोड़ी धीमी है, जरूरी नहीं पर बदल दी जाए तो अच्छा है।",Lights,Low,hi,app,2025-06-23T14:17:52
768,Hauz Khas ke paas strreetlight 2 hafto se flicker kar rahi hai aur band ho jati hai.,Lights,Medium,hinglish,whatsapp,2025-01-14T03:33:23
769,"MG Road ke paas kachre ka bada dher sad raha hai aur bimari fela raha hai, turant uthwao.",Waste,High,hinglish,app,2025-05-20T12:39:29
770,"Minor encroachment issue near Rohini, not urgent, just flagging. urgent!!!",Other / Unknown,Low,en,app,2025-05-21T15:13:27
771,Suggestion: please increase garbage collection frequency near Kroamangala twice a week. pls fix asap,Waste,Low,en,web,2025-04-09T01:57:31
772,"Just a small pothole near Lajpat Nagar, not urgent but should be patched sometime. please look into this",Roads,Low,en,app,2025-05-23T02:11:01
773,"Ward 12 ke paas naali fat gayi hai aur sewage ka pani sadak par bhar gaya hai, health emergency hai. pls jaldi karo",Sanitation,High,hinglish,phone,2025-04-28T11:04:16
774,"Koramangala में रात को निर्माण कार्य का बहुत हो रहा है, एक महीने से यही हाल है।",Other / Unknown,Medium,hi,phone,2025-03-29T01:45:29
775,"A live wire has fallen near Mayur Vihar after last night's storm, very dangerous, someone could get electrocuted.",Electricity,High,en,web,2025-05-24T01:31:41
776,"Garbage has not been collected near Malviya Nagar for 3 days now, bins are overflowing.",Waste,Medium,en,web,2025-01-29T01:59:08
777,"Malviya Nagar ke paas naali fat gayi hai aur sewage ka pani sadak par bhar gaya hai, health emergency hai. pls jaldi karo",Sanitation,High,hinglish,web,2025-02-18T16:40:14
778,"MG Road ke paas kal raat tufan ke baad tar toot kar gir gaya hai, bahut khatarnak hai, kisi ko current lag sakta hai.",Electricity,High,hinglish,web,2025-02-05T20:15:38
779,Suggestion: conduct a fogging drive near Saket before monsoon season. urgent!!!,Health,Low,en,phone,2025-01-02T13:38:25
780,"Indira Nagar ke paas 3 din se bijli baar baar ja rahi hai, appliances kharab ho rahe hai.",Electricity,Medium,hinglish,app,2025-03-27T06:23:00
781,"Sector 21 के पास फुटपाथ में छोटी सी दरार है, समय मिलने पर ठीक करवा दें।",Roads,Low,hi,whatsapp,2025-01-19T14:27:24
782,"Just a small pothole near Model Town, not urgent but should be patched sometime. urgent!!!",Roads,Low,en,whatsapp,2025-04-06T05:33:26
783,"Mayur Vihar के पास कचरे का बड़ा ढेर सड़ रहा है और बीमारी फैला रहा है, तुरंत उठवाएं। कृपया जल्दी करें हालत बिगड़ रही है",Waste,High,hi,web,2025-05-21T13:36:14
784,"Ward 12 ke paas naali se halki badbu aa rahi hai, urgent nahi par safai karwa dena. urgent hai",Sanitation,Low,hinglish,whatsapp,2025-01-10T17:44:57
785,"MG Road ke paas awara kutte ek mahine se aggressive ho gaye hai, ek insaan ko kaat liya.",Health,Medium,hinglish,web,2025-06-03T13:50:44
786,There is a large pothole on the road near Mayur Vihar causing traffic jams for a week. pls fix asap suggestion,Roads,Medium,en,phone,2025-04-12T07:13:15
787,"Sewage is overflowing into homes near Ashok Vihar, extremely unhygienic and dangerous for children, urgent help needed. pls fix asap",Sanitation,High,en,web,2025-01-10T12:21:10
788,"Vasant Kunj ke paas kal raat tufan ke baad tar toot kar gir gaya hai, bahut khatarnak hai, kisi ko current lag sakta hai.",Electricity,High,hinglish,whatsapp,2025-06-12T09:30:57
789,"MG Road के पास आवारा कुत्ते 5 दिनों से आक्रामक गए हैं, एक व्यक्ति को काट लिया।",Health,Medium,hi,app,2025-01-21T08:55:18
790,"Naali near Nehru Colony is clogged for 5 days, foul smell spreading in the area.",Sanitation,Medium,en,web,2025-06-03T06:05:06
791,"There has been an accident near Indira Nagar and no ambulance has arrived for over an hour, medical emergency. need this fixed",Health,High,en,phone,2025-03-18T20:48:17
792,"Gandhi Chowk के पास डेंगू के कई मामले सामने आए हैं, मच्छरों का प्रकोप बढ़ गया है, तुरंत फॉगिंग करवाएं। बहुत परेशानी हो रही है",Health,High,hi,web,2025-04-14T00:30:21
793,"Minor crack developing on the footpath near Civil Lines, suggest repairing before monsoon.",Roads,Low,en,phone,2025-05-31T05:37:33
794,"Andheri West ke paas naali fat gayi hai aur sewage ka pani sadak par bhar gaya hai, health emergency hai.",Sanitation,High,hinglish,app,2025-05-02T12:37:22
795,"Kalkaji में पानी की सप्लाई 5 दिनों से अनियमित है, सुबह नल सूखे रहते हैं।",Water,Medium,hi,whatsapp,2025-03-09T16:54:13
796,Suggestion: add an extra streetlight near Lajpat Nagar park for better visibility.,Lights,Low,en,whatsapp,2025-06-06T23:02:18
797,"The drain nar Andheri West has been blocked for 10 days, water is stagnating. urgent!!!",Sanitation,Medium,en,whatsapp,2025-01-13T10:33:12
798,There is a large pothole on the road near Rohini causing traffic jams for 2 weeks.,Roads,Medium,en,whatsapp,2025-04-24T22:18:21
799,"Water supply near Nehru Colony has been irregular for 5 days, taps run dry most mornings. pls fix asap",Water,Medium,en,web,2025-05-04T02:19:27
800,"Ward 7 के पास ट्रांसफार्मर से चिंगारी निकल रही है, बहुत खतरनाक है, आग लग सकती है, तुरंत कार्रवाई करें।",Electricity,High,hi,whatsapp,2025-05-24T23:29:22
801,Streetlight near Sector 21 has been flickering and going off for a month now.,Lights,Medium,en,phone,2025-06-16T07:15:43
802,Dwarka Sector 9 ke paas sadak me 3 din se gaddha hai jisse traffic jam ho raha hai. pls jaldi karo,Roads,Medium,hinglish,whatsapp,2025-05-30T13:52:21
803,"A huge crater has opened up the road at Ward 12, two bikes have already skidded, extremely dangerous. pls fix asap",Roads,High,en,whatsapp,2025-01-21T08:28:32
804,"Koramangala के पास नाली फट गई है और सीवेज का पानी सड़क पर भर गया है, स्वास्थ्य आपातकाल है। कृपया जल्दी करें कृपया ध्यान दें",Sanitation,High,hi,app,2025-03-27T04:37:53
805,"Rohini ke paas awara kutte 3 din se aggressive ho gaye hai, ek insaan ko kaat liya.",Health,Medium,hinglish,phone,2025-02-21T14:37:08
806,There is a large pothole on the road near Gandhi Chowwk causing traffic jams for a week. pls fix asap,Roads,Medium,en,app,2025-04-30T04:38:48
807,Suggestion: add extra streetlight near Shastri Nagar park for better visibility.,Lights,Low,en,web,2025-05-05T04:58:15
808,"MG Road ke paas bade aag lagne ka khatra bataya gaya hai, prashasan turant karwai kare.",Other / Unknown,High,hinglish,app,2025-01-06T02:00:55
809,"Patel Nagar ke paas paani ke pipe se halka leak hai, urgent nahi par check karwa lena. please dhyan do",Water,Low,hinglish,web,2025-03-12T14:32:34
810,Sector 21 के पास एक महीने से मच्छरों का प्रकोप बढ़ रहा लोग बीमारी फैलने से डर रहे हैं। सुझाव,Health,Medium,hi,whatsapp,2025-05-01T14:58:59
811,"Civil Lines ke paas transformer se sparking ho rahi hai, bahut khatarnak hai, aag lag sakti hai, turant karwai karo.",Electricity,High,hinglish,app,2025-02-06T13:35:29
812,"Dwarka Sector 9 ke paas 5 din se bijli baar baar ja rahi hai, appliances kharab rahe hai. pls jaldi karo",Electricity,Medium,hinglish,app,2025-03-05T13:38:25
813,"Lajpat Nagar me naali 5 din se jam hai, badbu fail rahi hai.",Sanitation,Medium,hinglish,whatsapp,2025-06-25T21:53:24
814,"Sewage is mixing into the drinking water supply near Koramangala, families are falling sick, immediate action needed. urgent!!!",Water,High,en,web,2025-04-29T03:42:37
815,"Kalkaji ke paas peene ke paani me sewage mix ho raha hai, family bimar pad rahi hai, turant dhyan do.",Water,High,hinglish,phone,2025-05-05T18:48:18
816,Suggestion: upgrade the wiring near Nehru Colony sometime this year. urgent!!!,Electricity,Low,en,phone,2025-03-05T08:49:25
817,"Sewage is mixing into the drinking water supply near Saket, families are falling sick, immediate action needed.",Water,High,en,web,2025-06-29T12:48:15
818,Suggestion: Gandhi Chowk ki sadak resurface kar di jaye to accha rahega.,Roads,Low,hinglish,web,2025-01-05T09:19:04
819,सुझाव: Vasant Kunj की सड़क का पुनर्निर्माण कर दिया जाए अच्छा रहेगा।,Roads,Low,hi,phone,2025-05-15T11:13:45
820,"Stray dog attacks near Hauz Khas hve injured two children, please act urgently.",Other / Unknown,High,en,whatsapp,2025-05-26T22:52:35
821,सुझाव: Ashok Vihar कचरा उठाने की संख्या हफ्ते में दो बार कर दी जाए। कृपया जल्दी करें,Waste,Low,hi,web,2025-02-06T17:43:12
822,"Andheri West ke paas naali 3 din se band hai, pani jama ho raha hai.",Sanitation,Medium,hinglish,web,2025-05-06T19:25:22
823,"Naali near Saket is clogged for a week, foul smell spreading in the area. please help",Sanitation,Medium,en,web,2025-01-26T21:02:57
824,"The road near MG Road has multiple potholes making it hard to drive, been like this for a week. urgent!!!",Roads,Medium,en,web,2025-05-28T13:50:57
825,"Koramangala के पास नाली से हल्की बदबू आ रही है, जरूरी नहीं पर सफाई करवा दें।",Sanitation,Low,hi,web,2025-03-18T17:52:16
826,There have been frequent power cuts near Indira Nagar for a week now.,Electricity,Medium,en,whatsapp,2025-05-14T08:37:10
827,"Low water pressure near Ward 7 for 10 days now, tankers needed in the meantime. please help",Water,Medium,en,phone,2025-02-02T09:25:02
828,"Shastri Nagar me raat ko construction ka bahut shor ho raha hai, 5 din se yahi haal hai.",Other / Unknown,Medium,hinglish,phone,2025-04-06T19:54:01
829,"Shastri Nagar ke paas footpath me chhoti si darar hai, time milne par theek karwa dena.",Roads,Low,hinglish,web,2025-06-19T12:15:40
830,"Ashok Vihar के पास कचरे का बड़ा ढेर सड़ रहा है और बीमारी फैला रहा है, तुरंत उठवाएं।",Waste,High,hi,phone,2025-06-11T23:09:02
831,"Naali near Green Park is clogged for 5 days, foul smell spreading in the area. not urgent",Sanitation,Medium,en,whatsapp,2025-05-29T17:29:38
832,"Koramangala me paani supply ek mahine se irreglar hai, subah nal sookhe rehte hai.",Water,Medium,hinglish,app,2025-06-19T12:05:00
833,"Malviya Nagar ke paas ek hafte se illegal parking road ko jam kar rahi hai, please karwai karo.",Other / Unknown,Medium,hinglish,whatsapp,2025-05-03T20:30:13
834,"Gandhi Chowk ke pas accident hua hai aur ek ghante se ambulance nahi aayi, medical emergency hai.",Health,High,hinglish,whatsapp,2025-04-18T08:59:30
835,"Patel Nagar के पीने के पानी में सीवेज मिल रहा है, परिवार बीमार पड़ रहे हैं, तत्काल ध्यान दें।",Water,High,hi,app,2025-03-30T11:37:59
836,"Saket में सड़क अचानक धंस गई है, यह बहुत खतरनाक है, जल्द मरम्मत करें।",Roads,High,hi,web,2025-01-16T14:39:32
837,"Model Town में नाली एक महीने से जाम है, बदबू फैल रही है।",Sanitation,Medium,hi,phone,2025-05-09T12:21:44
838,"Dwarka Sector 9 ke paas sadak me bahut bada gaddha hai jiski wajah se kal accident ho gaya, please turant fix karo. urgent hai",Roads,High,hinglish,whatsapp,2025-02-28T08:06:59
839,"Rohini के पास 3 दिन से बिजली बार-बार जा रही है, उपकरण खराब हो रहे हैं। कृपया जल्दी करें सुझाव",Electricity,Medium,hi,whatsapp,2025-02-18T21:59:31
840,"Waste collection near Rohini has been delayed for a week, smell getting bad.",Waste,Medium,en,web,2025-03-20T19:05:31
841,Civil Lines में एक महीने से बार-बार बिजली कटौती हो रही है। बहुत परेशानी हो रही है,Electricity,Medium,hi,phone,2025-03-29T03:07:35
842,"Salt Lake के पास बड़ी आग लगने का खतरा बताया गया है, प्रशासन तुरंत कार्रवाई करे। हालत बिगड़ रही है",Other / Unknown,High,hi,whatsapp,2025-04-14T17:36:42
843,"Minor drip from a water pipe near Saket, not urgent but should be checked.",Water,Low,en,whatsapp,2025-04-23T13:53:12
844,Andheri West में एक महीने से बार-बार बिजली कटौती हो रही है। बहुत परेशानी हो रही है,Electricity,Medium,hi,web,2025-02-12T18:31:05
845,"Shastri Nagar me kachra uthane me 10 dino se deri ho rahi hai, badbu badh rahi hai.",Waste,Medium,hinglish,web,2025-02-03T07:23:08
846,"A live wire has fallen near Green Park after lsat night's storm, very dangerous, someone could get electrocuted.",Electricity,High,en,phone,2025-02-02T18:56:59
847,"Green Park के पास बड़ी आग लगने का खतरा बताया गया है, प्रशासन तुरंत कार्रवाई करे। बहुत परेशानी हो रही है हालत बिगड़ रही है",Other / Unknown,High,hi,app,2025-03-19T22:52:24
848,Suggestion: Nehru Colony ki purani wiring is saal badal di jaye.,Electricity,Low,hinglish,app,2025-05-07T10:36:46
849,"Saket sadak achanak dhans gayi hai, bahut khatarnak hai, jaldi repair karwao. pls jaldi karo",Roads,High,hinglish,whatsapp,2025-01-12T15:52:34
850,"Green Park के पास स्ट्रीट लाइट 3 दिन से बंद है और कल रात लूट हो गई, महिलाएं असुरक्षित महसूस कर रही हैं, तुरंत ठीक करें।",Lights,High,hi,app,2025-03-22T11:37:33
851,"Sector 21 me khambe ki batti 2 hafto se band hai, please technician bhejo. pls jaldi karo",Lights,Medium,hinglish,phone,2025-03-27T15:40:41
852,"Power keeps fluctuating near Green Park for a week, damaging appliances. urgent!!!",Electricity,Medium,en,whatsapp,2025-04-07T07:28:31
853,"Saket ke pasa bade aag lagne ka khatra bataya gaya hai, prashasan turant karwai kare.",Other / Unknown,High,hinglish,phone,2025-05-09T12:49:11
854,"Mayur Vihar के पास आवारा कुत्तों ने दो बच्चों को काट लिया, कृपया जल्द कार्रवाई करें। कृपया जल्दी करें",Other / Unknown,High,hi,phone,2025-06-05T23:59:32
855,"MG Road ke paas transformer se sparking ho rahi hai, bahut khatarnak hai, aag lag sakti hai, turant karwai karo. pls jaldi karo",Electricity,High,hinglish,whatsapp,2025-06-11T07:44:46
856,सुझाव: Shastri Nagar के पार्क में और बेंच लगाई जाएं।,Other / Unknown,Low,hi,whatsapp,2025-06-14T19:02:36
857,"Malviya Nagar ke paas 10 dino se kachre ka dher laga hai, medical waste bhi mila hai, chuhe aur awara kutte badh rahe hai, health hazard hai. pls jaldi karo",Waste,High,hinglish,phone,2025-02-17T00:40:53
858,"All streetlights on the main stretch near Saket are out, pitch dark at night, very dangerous for commuters. please look into thhis",Lights,High,en,whatsapp,2025-02-04T01:36:51
859,"Shastri Nagar ke paas sewage gharo me ghus raha hai, bacho ke liye bahut khatarnak aur ganda hai, turant madad chahiye. pls jaldi karo",Sanitation,High,hinglish,web,2025-02-07T12:51:24
860,"The drian near Sector 21 has been blocked for 2 weeks, water is stagnating. urgent!!! suggestion",Sanitation,Medium,en,web,2025-01-17T10:58:57
861,Ward 7 me 2 hafto se baar baar power cut ho raha hai.,Electricity,Medium,hinglish,phone,2025-05-11T23:19:23
862,Suggestion: Vasant Kunj ke park me ek aur streetlight laagayi jaye. urgent hai please dhyan do,Lights,Low,hinglish,app,2025-05-18T11:53:47
863,"Lajpat Nagar के पास सीवेज घरों में घुस रहा है, बच्चों के लिए बहुत खतरनाक और गंदा है, तुरंत मदद चाहिए।",Sanitation,High,hi,whatsapp,2025-03-17T08:42:14
864,Suggestion: MG Road ke park me aur benches lagayi jaye. pls jaldi karo,Other / Unknown,Low,hinglish,app,2025-03-14T11:19:35
865,"Patel Nagar ke paas naali 10 dino se band hai, pani jama ho raha hai. pls jaldi karo",Sanitation,Medium,hinglish,app,2025-03-15T09:39:14
866,"Rohini के पास हल्का वोल्टेज उतार-चढ़ाव है, जरूरी नहीं पर जांच करवा लें।",Electricity,Low,hi,phone,2025-02-13T06:25:21
867,Suggestion: please increase garbage collection frequency near Lajpat Nagar to twice a week.,Waste,Low,en,web,2025-02-07T05:25:58
868,"Ward 7 me raat ko construction ka bahut shor ho raha hai, 10 dino se yahi haal hai. urgent hai",Other / Unknown,Medium,hinglish,web,2025-03-10T17:40:36
869,सुझाव: Koramangala की खुली नाली को सुरक्षा के लिए दिया जाए। हालत बिगड़ रही है,Sanitation,Low,hi,web,2025-01-02T14:22:44
870,"MG Road ke paas kal raat tufan ke baad tar toot kar gir gaya hai, bahut khatarnak hai, kisi ko current lag sakta hai. urgent hai",Electricity,High,hinglish,app,2025-06-13T14:25:15
871,"Civil Lines के पास सड़क में बहुत बड़ा गड्ढा है जिसकी वजह से कल एक दुर्घटना हो गई, कृपया तुरंत ठीक करें।",Roads,High,hi,phone,2025-02-24T19:37:58
872,"Vasant Kunj के पास फुटपाथ में छोटी सी दरार है, समय मिलने पर ठीक करवा दें।",Roads,Low,hi,phone,2025-06-13T15:12:27
873,"Geen Park के पास पानी की मुख्य पाइपलाइन फट गई है और घरों में पानी भर रहा है, गंदा पानी मिल रहा है, तुरंत कार्रवाई करें। कृपया जल्दी करें",Water,High,hi,phone,2025-02-12T15:04:26
874,Suggestion: add an extra streetlight near Shastri Nagar park for better visibility. urgent!!!,Lights,Low,en,web,2025-04-23T16:28:23
875,"Malviya Nagar ke paas accident hua hai aur ek ghante se ambulance nahi aayi, medical emergency hai. halat bigad rahi hai",Health,High,hinglish,web,2025-02-12T21:48:52
876,सुझाव: Kalkaji के पार्क में और बेंच लगाई जाएं। कृपया ध्यान दें,Other / Unknown,Low,hi,phone,2025-02-14T23:07:50
877,"Patel Nagar ki sabhi streetlights band hai, raat me pra andhera rehta hai, bahut khatarnak hai.",Lights,High,hinglish,app,2025-06-26T17:48:14
878,"Just a small pothole near Malviya Nagar, urgent but should be patched sometime. please help",Roads,Low,en,phone,2025-04-26T08:19:09
879,सुझाव: Hauz Khas के पार्क में और बेंच लगाई जाएं। कृपया जल्दी करें हालत बिगड़ रही है,Other / Unknown,Low,hi,web,2025-06-05T09:56:26
880,Suggestion: Rohini ki purani wiring is saal badal di jaye. halat bigad rahi hai,Electricity,Low,hinglish,web,2025-05-27T13:23:20
881,"Sewage overflowing into homes near Shastri Nagar, extremely unhygienic and dangerous for children, urgent help needed. urgent!!!",Sanitation,High,en,web,2025-05-08T21:39:44
882,"Rohini ke paas streetlight 2 hafto se band hai aur kal raat loot ho gayi, mahilaye unsafe feel kar rahi hai, turant theek karo.",Lights,High,hinglish,whatsapp,2025-01-12T14:35:05
883,"Sewage is mixing into drinking water supply near Malviya Nagar, families are falling sick, immediate action needed. pelase look into this",Water,High,en,phone,2025-03-22T14:48:02
884,"Garbage has not been collected near Salt Lake for a month now, bins are overflowing.",Waste,Medium,en,phone,2025-01-28T23:15:05
885,"Low water pressure near Malviya Nagar for 10 days now, tankers needed in the meantime.",Water,Medium,en,phone,2025-05-30T03:43:30
886,Suggestion: monsoon se pehle Hauz Khas ke paas fogging karwai jaye. please dhyan do,Health,Low,hinglish,phone,2025-06-13T16:16:00
887,"Mayur Vihar के पास 5 दिनों से मच्छरों का प्रकोप बढ़ रहा है, लोग बीमारी फैलने से डर रहे हैं।",Health,Medium,hi,whatsapp,2025-04-25T04:46:36
888,"Hauz Khas ke paas naali se halki badbu aa rahi hai, urgent nahi par safai karwa dena. pls jaldi karo",Sanitation,Low,hinglish,phone,2025-02-03T10:40:55
889,"Ward 12 me raat ko construction ka bahut shor ho raha hai, ek mahine se yahi haal hai. urgent hai",Other / Unknown,Medium,hinglish,phone,2025-05-24T10:08:31
890,"Civil Lines में कचरा उठाने में 2 हफ्तों से देरी हो रही है, बदबू बढ़ रही है। बहुत परेशानी हो रही है",Waste,Medium,hi,web,2025-02-17T07:14:26
891,"Koramangala के पास 3 दिन से पानी का प्रेशर बहुत कम है, टैंकर की जरूरत है।",Water,Medium,hi,phone,2025-04-18T23:37:25
892,Tere is a large pothole on the road near Green Park causing traffic jams for 5 days. urgent!!!,Roads,Medium,en,phone,2025-01-13T20:17:40
893,"Vasant Kunj के पास कचरे का बड़ा ढेर सड़ रहा है और बीमारी फैला रहा है, तुरंत उठवाएं।",Waste,High,hi,whatsapp,2025-06-29T22:40:25
894,"All streetlights on the main stretch near Indira Nagar are out, pitch dark at night, very dangerous for commuters.",Lights,High,en,whatsapp,2025-03-11T04:31:55
895,"Civil Lines ke paas community clinic me mamuli safai ki problem hai, urgent nahi. please dhyan do",Health,Low,hinglish,phone,2025-04-11T14:18:16
896,"Rohini के पास स्ट्रीट लाइट एक महीने से बंद है और कल रात लूट हो गई, महिलाएं असुरक्षित महसूस कर रही हैं, तुरंत ठीक करें।",Lights,High,hi,whatsapp,2025-01-21T09:07:27
897,"Malviyya Nagar में सड़क अचानक धंस गई है, यह बहुत खतरनाक है, जल्द मरम्मत करें। कृपया ध्यान दें",Roads,High,hi,app,2025-01-02T02:35:05
898,"Garbage has not been collected near Model Town for 10 days now, bins are overflowing. please help",Waste,Medium,en,whatsapp,2025-06-07T16:06:01
899,"The road near Ward 12 has multiple potholes making it hard to drive, been like this for a week. pls fix asap",Roads,Medium,en,whatsapp,2025-03-23T19:39:58
900,"Gandhi Chowk ki sabhi streetlights band hai, raat me pura andhera rehta hai, bahut khatarnak hai.",Lights,High,hinglish,web,2025-05-27T19:46:37
901,"Rohini ke paas 3 se kacha nahi uthaya gaya hai, dustbin bhar gaye hai. urgent hai",Waste,Medium,hinglish,app,2025-01-03T23:19:27
902,"Dwarka Secotr 9 के पास एक महीने से कचरा नहीं उठाया गया है, डस्टबिन भर गए हैं।",Waste,Medium,hi,whatsapp,2025-01-14T16:55:43
903,"Ashok Vihar के पास 3 दिन से मच्छरों का प्रकोप बढ़ रहा है, लोग बीमारी फैलने से डर रहे हैं।",Health,Medium,hi,app,2025-06-13T01:10:42
904,"MG Road ke paas accident hai aur ek ghante se ambulance nahi aayi, medical emerrgency hai. halat bigad rahi hai",Health,High,hinglish,whatsapp,2025-05-06T13:14:15
905,Salt Lake में 2 हफ्तों से बार-बार बिजली कटौती हो रही है।,Electricity,Medium,hi,web,2025-04-06T05:03:32
906,"Shastri Nagar के पास आवारा कुत्ते 10 दिनों से आक्रामक हो गए हैं, एक व्यक्ति को काट लिया। बहुत परेशानी हो रही है",Health,Medium,hi,phone,2025-03-03T07:36:10
907,"Mayur Vihar ke paas 5 din se kachre ka dher laga hai, medical waste bhi mila hai, chuhe aur awara kutte badh rahe hai, health hazard hai.",Waste,High,hinglish,web,2025-02-20T16:46:42
908,"Shastri Nagar में रात को निर्माण कार्य का बहुत शोर हो रहा है, 10 दिनों से यही है।",Other / Unknown,Medium,hi,app,2025-04-21T18:54:04
909,सुझाव: Salt Lake के पार्क में एक और स्ट्रीट लाइट लगाई जाए। बहुत परेशानी हो रही है,Lights,Low,hi,web,2025-03-03T18:01:05
910,सुझाव: मानसून से पहले Malviya Nagar के पास फॉगिंग करवाई जाए।,Health,Low,hi,web,2025-03-28T23:28:32
911,There have been frequent power cuts near Vasant Kunj for a month now. urgent!!!,Electricity,Medium,en,web,2025-02-27T15:25:50
912,"Shastri Nagar ke paas accident hua hai aur ek ghante se ambulance nahi aayi, medical emergency hai.",Health,High,hinglish,app,2025-03-26T13:07:40
913,Model Town के पास स्ट्रीट लाइट एक हफ्ते से टिमटिमा रही है और बंद हो जाती है।,Lights,Medium,hi,phone,2025-06-14T17:51:43
914,"Civil Lines में सड़क अचानक धंस गई है, यह बहुत खतरनाक है, जल्द मरम्मत करें। हालत बिगड़ रही है",Roads,High,hi,web,2025-01-03T16:41:08
915,सुझाव: Andheri West के पार्क में एक और स्ट्रीट लाइट लगाई जाए। कृपया जल्दी करें,Lights,Low,hi,whatsapp,2025-06-26T00:58:35
916,"Andheri West me raat ko construction bahut shor ho raha hai, 5 din se yahi hala hai. pls jaldi karo",Other / Unknown,Medium,hinglish,web,2025-05-31T14:14:25
917,"Vasant Kunj ke paas paani ke pipe se halka leak hai, urgent nahi par check karwa lena.",Water,Low,hinglish,whatsapp,2025-03-20T21:01:53
918,"Mnior encroachment issue near Kalkaji, urgent, just flagging.",Other / Unknown,Low,en,app,2025-02-12T17:18:40
919,"Water supply near Ward 12 has been irregular for 3 days, taps run dry most mornings.",Water,Medium,en,whatsapp,2025-05-02T05:34:30
920,"Sector 21 में खंभे की बत्ती 3 दिन से बंद है, कृपया तकनीशियन भेजें। बहुत परेशानी हो रही है",Lights,Medium,hi,phone,2025-02-15T03:53:46
921,"Ward 7 me sadak achanak dhans gayi hai, baahut khatarnak hai, jaldi repair karwao. pls jaldi karo",Roads,High,hinglish,whatsapp,2025-01-10T03:56:48
922,"Shastri Nagar में नाली 2 हफ्तों से जाम है, बदबू फैल रही है।",Sanitation,Medium,hi,whatsapp,2025-02-15T00:27:55
923,"Mayur Vihar ke paas naali se halki badbu aa rahi hai, urgent nahi par safai karwa dena. pls jaldi karo",Sanitation,Low,hinglish,web,2025-01-13T15:56:26
924,सुझाव: Shastri Nagar के पार्क में और बेंच लगाई जाएं। बहुत परेशानी हो रही है,Other / Unknown,Low,hi,web,2025-05-25T16:51:27
925,"Hauz Khas के पास 5 दिनों से पानी का प्रेशर बहुत कम है, टैंकर की जरूरत है।",Water,Medium,hi,web,2025-06-25T04:45:25
926,"Nehru Colony के पास एक हफ्ते से कचरे का ढेर लगा है, मेडिकल वेस्ट भी मिला है, चूहे और आवारा कुत्ते बढ़ रहे हैं, स्वास्थ्य के लिए खतरा है। हालत बिगड़ रही है",Waste,High,hi,phone,2025-04-30T19:40:55
927,सुझाव: Ward 7 की पुरानी वायरिंग इस साल बदल दी जाए।,Electricity,Low,hi,web,2025-02-02T18:07:44
928,सुझाव: Rohini के पार्क में और बेंच लगाई जाएं।,Other / Unknown,Low,hi,web,2025-02-25T23:13:36
929,"Lajpat Nagar me naali ek mahine jam hai, badbu fail rahi hai.",Sanitation,Medium,hinglish,whatsapp,2025-04-21T19:39:32
930,"Lajpat Nagar ke paas sadak me bahut bada gaddha hai jiski wajah se kal accident ho gaya, please turant fix karo.",Roads,High,hinglish,app,2025-04-21T04:38:24
931,"Minor hygiene issue the community clinic near Nehru Colony, not urgent. urgent!!!",Health,Low,en,phone,2025-06-10T09:28:28
932,"Patel Nagar में मामूली अतिक्रमण है, ज्यादा जरूरी नहीं, बस सूचित कर रहा हूं।",Other / Unknown,Low,hi,web,2025-01-10T13:27:15
933,"Civil Lines ke paas streetlight 3 din se band hai aur raat loot ho gayi, mahilaye unsafe feel kar rahi hai, turant theek karo.",Lights,High,hinglish,whatsapp,2025-05-01T03:39:38
934,"Loud construction noise near Kalkaji at night for 5 days, disturbing residents. pls fix asap",Other / Unknown,Medium,en,whatsapp,2025-02-11T13:52:56
935,"Loud construction noise near Lajpat Nagr at night for 5 days, disturbing residents. urgent!!!",Other / Unknown,Medium,en,phone,2025-06-16T13:38:34
936,"Stray dog attacks near Ashok Vihar have injured two children, please urgently. urgent!!!",Other / Unknown,High,en,phone,2025-06-27T11:24:19
937,"Waste collection near Hauz Khas has been delayed for a week, smell is getting bad. not urgent",Waste,Medium,en,web,2025-06-02T23:23:01
938,"Nehru Colony के पास डेंगू के कई मामले सामने आए हैं, मच्छरों का प्रकोप बढ़ गया है, तुरंत फॉगिंग करवाएं।",Health,High,hi,web,2025-02-13T11:34:40
939,"Salt Lake के पास आवारा कुत्ते 10 दिनों से आक्रामक हो गए हैं, एक व्यक्ति को काट लिया। जरूरी नहीं",Health,Medium,hi,web,2025-03-03T10:16:29
940,"Malviya Nagar में मामूली अतिक्रमण है, ज्यादा जरूरी नहीं, बस सूचित कर रहा हूं।",Other / Unknown,Low,hi,app,2025-02-03T11:18:16
941,"Lajpat Nagar ke paas awara kutto ne do bachho ko kaat liya, please jaldi karwai karo. pls jaldi karo please dhyan do",Other / Unknown,High,hinglish,whatsapp,2025-04-13T22:31:27
942,"Power keeps fluctuating near Mayur Vihar for a month, damaging appliances. please help",Electricity,Medium,en,web,2025-01-16T01:12:50
943,सुझाव: Civil Lines में कचरा उठाने की संख्या हफ्ते में दो बार दी जाए।,Waste,Low,hi,whatsapp,2025-06-06T01:55:17
944,"All streetlights on the main stretch near Malviya Nagar are out, pitch dark at night, very dangerous for commuters.",Lights,High,en,web,2025-04-01T22:23:09
945,"Model Town में नाली 3 दिन से जाम है, बदबू फैल रही है।",Sanitation,Medium,hi,web,2025-06-10T12:25:29
946,Suggestion: Saket ke park me aur benches lagayi jaye.,Other / Unknown,Low,hinglish,app,2025-03-02T13:26:22
947,"All streetlights on the main stretch near MG Road are out, pitch dark at night, very dangerous for commuters.",Lights,High,en,web,2025-06-04T05:35:11
948,"Andheri West के पास 3 दिन से बिजली बार-बार जा रही है, उपकरण खराब हो रहे हैं। कृपया जल्दी करें",Electricity,Medium,hi,phone,2025-05-12T22:36:52
949,Suggestion: cover the open drain near Hauz Khas for safety. need this fixed,Sanitation,Low,en,app,2025-06-02T14:56:20
950,Suggestion: conduct a fogging drive near Andheri West before monsoon season. please help,Health,Low,en,phone,2025-03-03T20:14:01
951,सुझाव: Gandhi Chowk की पुरानी वायरिंग इस साल बदल दी जाए। कृपया जल्दी करें,Electricity,Low,hi,whatsapp,2025-03-03T13:09:04
952,Suggestion: Lajpat Nagar ki purani wiring is saal badal di jaye.,Electricity,Low,hinglish,phone,2025-01-25T04:45:57
953,"Multiple dengue caes have been reported near Ashok Vihar, mosquito breeding is out of control, urgent fogging needed.",Health,High,en,app,2025-02-27T09:57:47
954,"Model Town me mamuli encroachment hai, zyada zaroori nahi, bas inform kar raha hu.",Other / Unknown,Low,hinglish,app,2025-02-05T18:12:09
955,"Streetlight near Green Park has been dark for a week and there was a mugging last night, women feel unsafe, urgent action needed. pls fix asap",Lights,High,en,phone,2025-02-17T03:07:01
956,"Indira Nagar के पास 3 दिन से मच्छरों का प्रकोप बढ़ रहा है, लोग बीमारी फैलने से डर रहे हैं। बहुत परेशानी हो रही है",Health,Medium,hi,web,2025-01-13T11:27:12
957,"Koramangala ke paas 2 hafto se machhar badh rahe hai, log bimari failne se dar rahe hai. urgent hai",Health,Medium,hinglish,phone,2025-04-08T10:22:39
958,"Waste collection near Dwarka Sector 9 has been delayed for 5 days, smell is getting bad. please help",Waste,Medium,en,app,2025-03-04T02:36:30
959,"Minor crack developing on the footpath near Kalkaji, suggest repairing before monsoon. please help please look into this",Roads,Low,en,web,2025-04-26T18:20:39
960,"Koramangala में खंभे की बत्ती 5 दिनों से बंद है, कृपया तकनीशियन भेजें। कृपया जल्दी करें जब समय मिले",Lights,Medium,hi,web,2025-05-15T01:13:53
961,"Model Town ke paas awara kutte ek hafte se aggressive ho gaye hai, ek insaan ko kaat liya. pls jaldi karo urgent nahi",Health,Medium,hinglish,web,2025-02-15T16:46:30
962,MG Road me 3 din se baar baar power cut ho raha hai.,Electricity,Medium,hinglish,web,2025-05-18T20:43:26
963,"Rohini me sadak ki halat 5 din se kharab hai, please theek karwao.",Roads,Medium,hinglish,whatsapp,2025-06-06T08:03:35
964,"Mayur Vihar के पास पानी के पाइप से हल्का रिसाव है, जरूरी नहीं पर जांच करवा लें। हालत बिगड़ रही है",Water,Low,hi,whatsapp,2025-04-10T17:06:01
965,"Minor drip from a water pipe near Dwarka Sector 9, not urgent but should be checked. please help please look into this",Water,Low,en,app,2025-05-12T05:06:38
966,"Kalkaji के पास नाली फट गई है और सीवेज का पानी सड़क पर भर गया है, स्वास्थ्य आपातकाल है।",Sanitation,High,hi,web,2025-04-26T18:01:58
967,"Kalkaji ke paas halka kachra jama ho raha hai, urgent nahi par dekh lena.",Waste,Low,hinglish,whatsapp,2025-01-30T01:54:44
968,"A major fire hzard has been reported near Kalkaji, authorities must act immediately. urgent!!!",Other / Unknown,High,en,app,2025-06-23T23:11:38
969,"Shastri Nagar के पास डेंगू के कई मामले सामने आए हैं, मच्छरों का प्रकोप बढ़ गया है, तुरंत फॉगिंग करवाएं।",Health,High,hi,web,2025-06-12T02:53:36
970,"Kalkaji में नाली 2 हफ्तों से जाम है, बदबू फैल रही है। कृपया जल्दी करें",Sanitation,Medium,hi,phone,2025-04-02T17:19:27
971,"Just a small pothole near Saket, not uregnt but should be patched sometime. please help",Roads,Low,en,whatsapp,2025-01-30T10:08:32
972,There is a large pothole on the road near Dwarka Sector 9 causing trffic jams for a month. please help,Roads,Medium,en,whatsapp,2025-04-08T11:55:06
973,"Streetlight near Civil Lines has been dark for 2 weeks there was a mugging last night, women feel unsafe, urgent action needed.",Lights,High,en,web,2025-06-11T18:45:51
974,"Nehru Colony ke paas 3 din se paani ka pressure bahut kam hai, tanker ki zarurat hai. jab time mile",Water,Medium,hinglish,app,2025-06-21T22:55:11
975,"Sector 21 me mauli encroachment hai, zyada zaroori nahi, bas inform kar raha hu. urgent hai",Other / Unknown,Low,hinglish,phone,2025-05-20T06:46:40
976,Streetlight near Nehru Colony has been flickering and going off for 2 weeks now. urgent!!!,Lights,Medium,en,whatsapp,2025-01-06T14:24:57
977,"Nehru Colony के पास 10 दिनों से अवैध पार्किंग सड़क को जाम कर रही है, कृपया कार्रवाई करें। कृपया जल्दी करें",Other / Unknown,Medium,hi,web,2025-06-26T11:27:42
978,"The drain near Nehru Colony has been blocked for 10 days, water is stagnating. pls fix asap",Sanitation,Medium,en,app,2025-01-27T07:55:57
979,"Illegal parking near Lajpat Nagar has been blocking the road for 3 days, please take action.",Other / Unknown,Medium,en,app,2025-03-16T04:43:22
980,Lajpat Nagar के पास स्ट्रीट लाइट 2 हफ्तों से टिमटिमा रही है और बंद हो जाती है।,Lights,Medium,hi,app,2025-01-22T18:11:57
981,"There is a dangerous pothole near Indira Nagar that caused an accident yesterday, please fix urgently.",Roads,High,en,phone,2025-05-30T14:32:30
982,"All streetlights on the main streth near Nehru Colony are out, pitch dark at night, very dangerous for commuters.",Lights,High,en,web,2025-03-25T10:45:50
983,"Ward 7 ke paas sadak me bahut bada gaddha hai jiski wajah se kal accident ho gaya, please turant fix karo. urgent hai",Roads,High,hinglish,whatsapp,2025-03-31T23:21:20
984,"A huge trash pile near Andheri West is rotting and attracting disease, urgent collection needed before it spreads illness.",Waste,High,en,web,2025-05-19T01:32:19
985,"Naali near Shastri Nagar is clogged for a month, foul smell spreading in the area. urgent!!! not urgent",Sanitation,Medium,en,phone,2025-02-27T00:58:37
986,Indira Nagar ke paas streetlight ek hafte se flicker kar rahi hai aur band ho jati hai.,Lights,Medium,hinglish,app,2025-04-25T13:37:16
987,"A major water pipeline near Salt Lake has burst and is flooding homes, contaminated water mixing in, urgent! please look into this",Water,High,en,web,2025-06-23T10:52:49
988,Suggestion: Mayur Vihar ki purani wiring is saal badal di jaye.,Electricity,Low,hinglish,app,2025-05-28T05:00:30
989,Suggestion: monsoon se phle Nehru Colony ke paas fogging karwai jaye.,Health,Low,hinglish,app,2025-02-17T12:05:36
990,सुझाव: Nehru Colony की पुरानी वायरिंग इस साल बदल दी जाए।,Electricity,Low,hi,whatsapp,2025-01-05T23:04:30
991,"Vasant Kunj के पास हल्का कचरा जमा हो रहा है, जरूरी नहीं पर देख लें। कृपया जल्दी करें",Waste,Low,hi,phone,2025-02-02T10:42:39
992,"Hauz Khas के पास नाली फट गई है और सीवेज का पानी सड़क पर भर गया है, स्वास्थ्य आपातकाल है। बहुत परेशानी हो रही है",Sanitation,High,hi,phone,2025-01-12T01:27:30
993,"Model Town ke paas 5 din se illegal parking road ko jam kar rahi hai, please karwai karo.",Other / Unknown,Medium,hinglish,app,2025-05-18T07:30:27
994,सुझाव: मानसून से पहले Lajpat Nagar के पास फॉगिंग करवाई जाए।,Health,Low,hi,whatsapp,2025-03-30T14:34:33
995,"Patel Nagar ke paas ek mahine se illegal parking road ko jam rahi hai, please karwai karo. pls jaldi karo jab time mle",Other / Unknown,Medium,hinglish,whatsapp,2025-05-22T02:18:38
996,Suggestion: add an extra streetlight near Vasant Kunj park for better visibility. urgent!!!,Lights,Low,en,app,2025-05-23T06:04:31
997,"The drain near Lajpat Nagar has burst and sewage water is flooding the street, health emergency. please look into this",Sanitation,High,en,whatsapp,2025-04-17T17:19:51
998,"Andheri West ke paas ek streetlight thodi dim hai, urgent nahi par badal di jaye to accha hai. urgent hai halat bigad rahi hai",Lights,Low,hinglish,web,2025-03-27T00:03:11
999,"Dwarka Sector 9 ke paas awara kutte ek hafte aggressive ho gayye hai, ek insaan ko kaat liya.",Health,Medium,hinglish,phone,2025-06-14T19:28:58
1000,Suggestion: increase water supply timing near Model Town by half an hour. please look into this,Water,Low,en,phone,2025-03-12T13:05:18
1001,"Streetlight near Andheri West has been dark for a month and there was a mugging last night, women feel unsafe, urgent action needed.",Lights,High,en,app,2025-03-19T04:26:10
1002,"Mosquito breeding has increased near Koramangala for 2 weeks, residents fear an outbreak. please help",Health,Medium,en,whatsapp,2025-02-22T06:42:05
1003,"Saket के पास कचरे का बड़ा ढेर सड़ रहा है और बीमारी फैला रहा है, तुरंत उठवाएं। कृपया जल्दी करें कृपया ध्यान दें",Waste,High,hi,phone,2025-05-17T00:18:10
1004,"Mosquito breeding has increased near Kalkaji 5 days, residents fear an outbreak. urgent!!!",Health,Medium,en,phone,2025-02-17T06:24:43
1005,"Malviya Nagar ke paas 10 dino se machhar badh rahe hai, log bimari failne se dar rahe hai.",Health,Medium,hinglish,phone,2025-05-10T16:23:14
1006,"Mayur Vihar के पास कल रात तूफान के बाद तार टूटकर गिर गया है, बहुत खतरनाक है, किसी को करंट लग सकता है।",Electricity,High,hi,whatsapp,2025-02-16T00:59:21
1007,"Civil Lines ke paas sewage gharo me ghus raha hai, bacho ke liye bahut khatarnak aur ganda hai, turant madad chahiye.",Sanitation,High,hinglish,whatsapp,2025-02-17T07:28:10
1008,Suggestion: Malviya Nagar ke park me aur benches lagayi jaye. urgent hai,Other / Unknown,Low,hinglish,phone,2025-03-04T09:11:45
1009,"Sector 21 ke paas 10 dino se illegal parking road ko jam kar rahi hai, please karwai karo. pls jaldi karo",Other / Unknown,Medium,hinglish,web,2025-05-24T11:46:01
1010,"Hauz Khas me kachra uthane me 5 din se deri ho rahi hai, badbu badh rahi hai.",Waste,Medium,hinglish,whatsapp,2025-04-01T02:24:38
1011,"Malviya Nagar ke paas naali fat gayi hai aur sewage ka pani sadak par bhar gaya hai, health emergency hai.",Sanitation,High,hinglish,app,2025-06-27T05:35:17
1012,"Salt Lake ke paas dengeu ke kai cases aaye hai, machhar bahut badh gaye hai, turant fogging karwao.",Health,High,hinglish,app,2025-02-07T15:31:16
1013,"Andheri West के पास डेंगू के कई मामले सामने आए हैं, मच्छरों का प्रकोप बढ़ गया है, तुरंत फॉगिंग करवाएं। कृपया जल्दी करें",Health,High,hi,phone,2025-02-16T19:31:50
1014,"Kalkaji ke paas kachre ka bada dher sad raha hai aur bimari fela raha hai, turant uthwao. pls jaldi karo",Waste,High,hinglish,app,2025-01-18T19:20:17
1015,Gandhi Chowk में 10 दिनों से बार-बार बिजली कटौती हो रही है। बहुत परेशानी हो रही है,Electricity,Medium,hi,web,2025-02-23T07:59:33
1016,"Minor smell from the drain near Civil Lines, not urgent but could be cleaned.",Sanitation,Low,en,whatsapp,2025-05-07T13:54:39
1017,"Mayur Vihar ke paas awara kuto ne do bachho ko kaat liya, please jaldi karwai karo.",Other / Unknown,High,hinglish,phone,2025-01-17T02:15:16
1018,"Vasant Kunj ke paas footpath me chhoti si darar hai, time milne par theek karwa dena.",Roads,Low,hinglish,phone,2025-01-14T14:26:04
1019,Suggestion: Saket sadak resurface kar di jaye to accha rahega.,Roads,Low,hinglish,app,2025-03-11T16:21:33
1020,सुझाव: Ward 12 के पार्क में और बेंच लगाई जाएं।,Other / Unknown,Low,hi,web,2025-05-27T01:06:28
1021,"Stray dogs near Rohini have been aggressive for 10 days, a resident was bitten. urgent!!!",Health,Medium,en,web,2025-01-01T05:24:42
1022,"Low water pressure near Kalkaji for 5 days now, tankers needed in the meantime.",Water,Medium,en,app,2025-02-26T23:34:13
1023,"Sector 21 ke paas ek mahine se paani ka pressure bahut kam hai, tanker ki zarurat hai. pls jaldi karo",Water,Medium,hinglish,whatsapp,2025-06-16T07:00:32
1024,"Ward 7 ke paas accident hua hai aur ek ghante se ambulance nahi aayi, medical emergency hai.",Health,High,hinglish,app,2025-03-25T14:33:32
1025,"Mosquito breeding has increased near Vasant Kunj a week, residents fear an outbreak. urgent!!!",Health,Medium,en,web,2025-06-04T03:37:51
1026,"Green Park में रात को निर्माण कार्य का बहुत शोर हो रहा है, एक महीने से यही हाल है।",Other / Unknown,Medium,hi,web,2025-01-12T02:41:06
1027,"The drain near Nehru Colony has been blocked for a week, water is stagnating.",Sanitation,Medium,en,web,2025-04-17T16:45:57
1028,"Garbage has piled up near Mayur Vihar for 10 days, medical waste is mixed in, rats and stray dogs are swarming, health hazard. pls fix asap",Waste,High,en,phone,2025-01-21T13:52:27
1029,"Ward 12 ki sabhi streetlights band hai, raat me pura andhera rehta hai, bahut khatarnak hai.",Lights,High,hinglish,phone,2025-02-07T08:49:05
1030,"Sewage is overflowing inot homes near Model Town, extremely unhygienic and dangerous for children, urgent help needed.",Sanitation,High,en,app,2025-06-28T13:28:07
1031,"Patel Nagar ke paas footpath me chhoti darar hai, time milne par theek karwa dena. please dhyan do",Roads,Low,hinglish,app,2025-04-24T22:13:51
1032,"The transformer near Koramangala is sparking badly, extremely khatarnak, could catch fire, urgent action needed.",Electricity,High,en,whatsapp,2025-04-24T18:25:08
1033,"Gandhi Chowk के आवारा कुत्ते एक महीने से आक्रामक हो गए हैं, एक व्यक्ति को काट लिया।",Health,Medium,hi,app,2025-02-25T23:49:09
1034,Streetlight near MG Road has been flickering and going off for 2 weeks now. urgent!!!,Lights,Medium,en,whatsapp,2025-01-10T00:20:14
1035,"Shastri Nagar के पास हल्का वोल्टेज उतार-चढ़ाव है, जरूरी नहीं पर जांच करवा लें। बहुत परेशानी हो रही है",Electricity,Low,hi,web,2025-05-04T19:41:06
1036,सुझाव: Rhoini के पार्क में एक और स्ट्रीट लाइट लगाई जाए। कृपया ध्यान दें,Lights,Low,hi,whatsapp,2025-02-05T13:56:04
1037,"MG Road ke paas ek streetlight thodi dim hai, urgent nahi par badal di jaye to accha hai. halat bigad rahi hai",Lights,Low,hinglish,web,2025-05-22T23:52:24
1038,"Ashok Vihar ke paas bade aag lagne ka khatra bataya gaya hai, prashasan turant karwai kare.",Other / Unknown,High,hinglish,web,2025-01-09T12:18:28
1039,"Saket ke paas 10 dino se paani ka pressure bahut kam hai, tanker ki zarurat hai.",Water,Medium,hinglish,web,2025-01-30T12:35:51
1040,"Lajpat Nagar के पास फुटपाथ में छोटी सी दरार है, समय मिलने पर ठीक करवा दें। बहुत परेशानी हो रही है",Roads,Low,hi,whatsapp,2025-03-21T11:48:37
1041,Streetlight near Indira Naar has been flickering and going off for 5 days now. pls fix asap,Lights,Medium,en,whatsapp,2025-06-26T04:16:29
1042,Dwarka Sector 9 ek hafte se baar baar power cut ho raha hai. urgent nahi,Electricity,Medium,hinglish,app,2025-02-22T11:16:40
1043,Shastri Nagar ke paas streetlight 10 dino se flicker kar rhi hai aur band ho jati hai.,Lights,Medium,hinglish,whatsapp,2025-06-27T23:02:35
1044,"Nehru Colony me raat ko construction ka bahut shor ho raha hai, 5 din se yahi haal hai.",Other / Unknown,Medium,hinglish,phone,2025-05-06T22:56:18
1045,"Rohini में पानी की सप्लाई 2 हफ्तों से अनियमित है, सुबह नल सूखे रहते हैं।",Water,Medium,hi,web,2025-04-17T01:41:34
1046,"Nehru Colony ke pasa ek mahine se bijli baar baar ja rahi hai, appliances kharab ho rahe hai.",Electricity,Medium,hinglish,app,2025-06-08T02:53:25
1047,"Ashok Vihar में खंभे की बत्ती एक महीने से बंद है, कृपया तकनीशियन भेजें।",Lights,Medium,hi,phone,2025-04-05T03:21:59
1048,"Ward 7 ke paas sewage gharo me ghus raha hai, bacho ke liye bahut khatarnak aur ganda hai, turant madad chahiye. pls jaldi karo halat bigad rahi hai",Sanitation,High,hinglish,whatsapp,2025-02-01T00:54:26
1049,"There is a dangerous pothole near Sector 21 that caused an accident yesterday, please fix urgently.",Roads,High,en,phone,2025-02-26T16:21:18
1050,"Minor crack developing on the footpath near Patel Nagar, suggest repairing before monsoon.",Roads,Low,en,phone,2025-06-14T01:08:02
1051,"Green Park me naali 3 din se jam hai, badbu fail rahi hai. pls jaldi karo",Sanitation,Medium,hinglish,whatsapp,2025-02-07T13:12:58
1052,"Mosquito breeding has increased near Malviya Nagar for a week, residents fear an outbreak. pls fix asap",Health,Medium,en,phone,2025-02-09T16:14:25
1053,Hauz Khas के पास बड़ी आग लगने का खतरा बताया गया प्रशासन तुरंत कार्रवाई करे। बहुत परेशानी हो रही है,Other / Unknown,High,hi,whatsapp,2025-05-30T22:28:53
1054,"Kalkaji ke paas paani ke pipe se halka leak hai, urgent nahi par check karwa lena. urgent hai",Water,Low,hinglish,web,2025-02-14T23:18:44
1055,"The drain near Maayur Vihar has been blocked for 3 days, water is stagnating.",Sanitation,Medium,en,web,2025-02-07T10:05:56
1056,"Mayur Vihar me mamuli encroachment hai, zyada zaroori nahi, bas inform kar raha hu. urgent hai",Other / Unknown,Low,hinglish,phone,2025-06-02T14:20:22
1057,"Model Town के पास पानी की मुख्य पाइपलाइन फट गई है और घरों में पानी भर रहा है, गंदा पानी मिल रहा है, तुरंत कार्रवाई करें। कृपया जल्दी करें कृपया ध्यान दें",Water,High,hi,phone,2025-06-16T11:33:06
1058,"Naali near Malviya Nagar is clogged for 10 days, foul smell spreading in the area.",Sanitation,Medium,en,phone,2025-02-05T21:22:42
1059,Suggestion: cover the open drain near Koramangala for safety. need this fixed,Sanitation,Low,en,phone,2025-06-22T17:59:29
1060,"Malviya Nagra के पास आवारा कुत्ते 5 दिनों से आक्रामक हो गए हैं, एक व्यक्ति को काट लिया। सुझाव",Health,Medium,hi,web,2025-04-12T15:25:24
1061,"Green Park के पास सीवेज घरों में घुस रहा है, बच्चों के लिए बहुत खतरनाक और गंदा है, तुरंत मदद चाहिए।",Sanitation,High,hi,web,2025-06-10T02:34:26
1062,"Indira Nagar ke paas naali fat gayi hai aur sewage ka pai sadak par bhar gaya hai, health emergency hai.",Sanitation,High,hinglish,web,2025-05-01T19:21:57
1063,सुझाव: Ashok Vihar के पार्क में और बेंच लगाई जाएं।,Other / Unknown,Low,hi,whatsapp,2025-04-19T07:47:00
1064,"Loud construction noise near Kalkaji at night for a week, distubring residents.",Other / Unknown,Medium,en,whatsapp,2025-03-28T20:47:32
1065,There have been frequent power cuts near Ward 7 for a month now. urgent!!! not urgent,Electricity,Medium,en,web,2025-03-24T15:44:54
1066,"The drain near Mayur Vihar has been blocked for 10 days, water is stagnating. whenever convenient",Sanitation,Medium,en,web,2025-05-12T14:21:37
1067,"Minor hygiene issue at the community clinic near Ward 12, not urgent. pls fix asap",Health,Low,en,app,2025-05-18T08:55:45
1068,Suggestion: please increase garbage collection frequency near Model Town to twice week. need this fixed,Waste,Low,en,app,2025-03-24T07:18:07
1069,"Rohini में नाली 2 हफ्तों से है, बदबू फैल रही है। कृपया जल्दी करें",Sanitation,Medium,hi,app,2025-03-02T23:35:45
1070,"Kalkaji के पास हल्का कचरा जमा हो रहा है, जरूरी नहीं पर देख लें।",Waste,Low,hi,whatsapp,2025-01-09T01:22:43
1071,"Vasant Kunj में कचरा उठाने में 10 दिनों से देरी हो रही है, बदबू बढ़ रही है।",Waste,Medium,hi,whatsapp,2025-02-08T06:50:32
1072,"Stray dog attacks near Ward 7 have injured two children, please act urgently.",Other / Unknown,High,en,app,2025-01-23T09:51:17
1073,"Patel Nagar me kachra uthane me 5 din se deri rahi hai, badbu badh rahi hai.",Waste,Medium,hinglish,whatsapp,2025-01-10T05:17:34
1074,"Nehru Colony ke paas naali se halki baadbu aa rahi hai, urgent nahi par safai karwa dena.",Sanitation,Low,hinglish,whatsapp,2025-03-29T12:56:02
1075,"Illegal parking near Vasant Kunj has been blocking the road for 3 days, please take action. please hepl",Other / Unknown,Medium,en,whatsapp,2025-03-12T09:26:58
1076,"Hauz Khas ke paas 5 din se kachre ka dher laga hai, medical waste bhi mila hai, chuhe aur awara kutte badh rahe hai, haelth hazard hai. urgent hai",Waste,High,hinglish,web,2025-06-25T22:31:27
1077,Malviya Nagar ke paas sadak me 10 dino se gaddha hai jise traffic jam ho raha hai.,Roads,Medium,hinglish,phone,2025-06-26T09:06:20
1078,"Salt Lake के पास कम्युनिटी क्लिनिक में मामूली सफाई की समस्या है, जरूरी नहीं।",Health,Low,hi,phone,2025-01-27T21:14:59
1079,"Minor litter accumulating near Saket, not urgent but worth a look.",Waste,Low,en,whatsapp,2025-04-27T17:44:58
1080,"Vasant Kunj ke paas naali se halki badbu aa rahi hai, urgent nahi par safai karwa dena. pls jaldi karo",Sanitation,Low,hinglish,web,2025-05-07T22:40:18
1081,Suggestion: upgrade the old wiring near Shastri Nagar sometime this year. please help,Electricity,Low,en,app,2025-02-09T06:54:14
1082,"Patel Nagar ke paas halka voltage fluctuation hai, urgent nahi par check karwa lena.",Electricity,Low,hinglish,web,2025-06-03T11:39:21
1083,Suggestion: monsoon se pehle Gandhi Chowk ke paas fogging karwai jaye. please dhyan do,Health,Low,hinglish,phone,2025-01-27T12:23:43
1084,"The lamp post near Rohini has been dark for 5 days, please send a technician.",Lights,Medium,en,phone,2025-01-15T16:30:32
1085,"MG Road me paani ki supply 5 din se irregular hai, subah nal sookhe rehte hai. pls jaldi karo",Water,Medium,hinglish,phone,2025-01-27T22:25:54
1086,"Kalkaji ke paas transformer se sparking ho rahi hai, bahut khatarnak hai, aag lag sakti hai, turant karwai karo.",Electricity,High,hinglish,whatsapp,2025-02-19T00:50:30
1087,सुझाव: Nehru Colony की पुरानी वायरिंग इस साल बदल दी जाए।,Electricity,Low,hi,web,2025-01-28T23:09:45
1088,"Andheri West ke paas ek hafte se paani ka pressure bahut kam hai, tanker ki zarurat hai.",Water,Medium,hinglish,app,2025-01-11T05:35:46
1089,"Ward 12 के पास कल रात तूफान के बाद तार टूटकर गिर गया है, बहुत खतरनाक है, किसी को करंट लग सकता है।",Electricity,High,hi,phone,2025-02-11T05:15:19
1090,"Loud construction noies near Green Park at night for a month, disturbing residents. urgent!!!",Other / Unknown,Medium,en,app,2025-02-01T13:33:29
1091,"Rohini के पास कम्युनिटी क्लिनिक में मामूली सफाई की समस्या है, जरूरी नहीं। हालत बिगड़ रही है",Health,Low,hi,web,2025-03-14T00:38:57
1092,"Gandhi Chowk ke paas naali fat gayi hai aur sewage ka pani sadak par bhar gaya hai, heallth emergency hai. urgent hai",Sanitation,High,hinglish,phone,2025-03-16T20:53:19
1093,"Sewage is overflowing into homes near Green Park, extremely unhygienic and dangerous for children, urgent help needed. please help",Sanitation,High,en,whatsapp,2025-04-18T00:09:59
1094,"Mosquito breeding increased near Civil Lines for 3 days, residents fear an outbreak. pls fix asap",Health,Medium,en,web,2025-06-04T05:30:05
1095,सुझाव: Model Town की खुली नाली को सुरक्षा के लिए ढक दिया जाए। हालत बिगड़ रही है,Sanitation,Low,hi,phone,2025-01-23T00:44:48
1096,"Hauz Khas में नाली एक महीने से जाम है, बदबू फैल रही है।",Sanitation,Medium,hi,whatsapp,2025-04-07T20:45:57
1097,"Civil Lines me sadak ki halat 5 din se kharab hai, please theek karwao.",Roads,Medium,hinglish,app,2025-06-10T03:32:15
1098,There have been frequent power cuts near Nehru Colony for 10 days now. please help,Electricity,Medium,en,app,2025-05-27T04:35:12
1099,Suggestion: increase water supply timing near Malviya Nagar half an hour. urgent!!!,Water,Low,en,web,2025-05-30T01:39:25
1100,"Waste collection near Saket has been delayed for a week, smell is getting bad.",Waste,Medium,en,whatsapp,2025-03-18T03:20:46
1101,"Civil Lines के पास बड़ी आग लगने का खतरा बताया गया है, प्रशासन तुरंत कार्रवाई करे। कृपया जल्दी करें",Other / Unknown,High,hi,web,2025-04-21T05:19:28
1102,"Stray dog attacks near Patel Nagar have injured two children, please act urgently. urgent!!!",Other / Unknown,High,en,whatsapp,2025-03-15T04:00:42
1103,"Rohini के पास एक्सीडेंट हुआ है और एक घंटे से एम्बुलेंस नहीं आई, चिकित्सा आपातकाल है।",Health,High,hi,web,2025-04-02T07:13:33
1104,"Shastri Nagar के पास ट्रांसफार्मर से चिंगारी निकल रही है, बहुत खतरनाक है, आग लग सकती है, तुरंत कार्रवाई करें।",Electricity,High,hi,phone,2025-01-31T01:53:19
1105,"The lamp post near Hauz Khas has been dark for 5 days, please send a technician. whenever convenient",Lights,Medium,en,whatsapp,2025-01-23T14:35:38
1106,सुझाव: Malviya Nagaar की सड़क का पुनर्निर्माण कर दिया जाए तो अच्छा रहेगा। हालत बिगड़ रही है,Roads,Low,hi,phone,2025-05-29T20:10:55
1107,"A major fire hazard has been reported near Mayur Vihar, authorities must act immediately. need thiis fixed",Other / Unknown,High,en,phone,2025-03-06T13:15:48
1108,"Patel Nagar me sadak achanak dhans gayi hai, bahut khatarnak hai, jaldi repair karwao.",Roads,High,hinglish,whatsapp,2025-06-20T14:52:08
1109,"Minor hygiene issue at the community clinic near Gandhi Chowk, not urgent. please help",Health,Low,en,web,2025-02-19T22:04:04
1110,Nehru Colony के पास स्ट्रीट लाइट एक हफ्ते से टिमटिमा रही है और बंद हो जाती है।,Lights,Medium,hi,whatsapp,2025-04-12T02:52:37
1111,"Ashok Vihar में पानी की सप्लाई 5 दिनों से अनियमित है, सुबह नल सूखे रहते हैं।",Water,Medium,hi,phone,2025-01-23T18:08:53
1112,Suggestion: Hauz Khas ke park me ek aur streetlight lagayi jaye.,Lights,Low,hinglish,app,2025-01-15T08:54:04
1113,Suggestion: increase water supply timing near Asshok Vihar by half an hour. urgent!!!,Water,Low,en,whatsapp,2025-02-04T16:55:09
1114,"Vasant Knj ke paas 3 din se paani ka pressure bahut kam hai, tanker ki zarurat hai. urgent nahi",Water,Medium,hinglish,app,2025-03-15T09:07:21
1115,Suggestion: Ward 7 kachra uthane ki frequency hafte me do baar kar di jaye. pls jaldi karo,Waste,Low,hinglish,web,2025-06-02T23:54:22
1116,"Nehru Colony ke paas bade aag lagne ka khatra bataya gaya hai, prashasan turant karwai kare. please dhayn do",Other / Unknown,High,hinglish,whatsapp,2025-03-06T14:12:53
1117,"Naali near Saket is clogged for 2 weeks, foul smell spreading in the area. pls fix asap not urgent",Sanitation,Medium,en,web,2025-02-25T16:10:24
1118,"Sector 21 में कचरा उठाने में एक महीने से देरी हो रही है, बदबू बढ़ रही है। कृपया जल्दी करें",Waste,Medium,hi,web,2025-04-08T18:57:31
1119,"The road near Sector 21 has multiple potholes making it hard to drive, been like this for 3 days. pls fix asap",Roads,Medium,en,whatsapp,2025-05-02T20:09:04
1120,"There is a dangerous pothole near Lajpat Nagar that caused an accident yesterday, please fix urgently. urgent!!!",Roads,High,en,app,2025-02-02T17:18:16
1121,"Stray dog attacks near Malviya Nagar have injured two children, please act urgently. urgent!!!",Other / Unknown,High,en,web,2025-04-18T03:13:10
1122,"Rohini ke paas 2 hafto se kachre ka dher laga hai, medical waste bhi mila hai, chuhe aur awara kutte badh rahe hai, health hazard hai. halat bigad rahi hai",Waste,High,hinglish,whatsapp,2025-01-13T13:20:18
1123,"Model Town के पास 3 दिन से पानी का प्रेशर बहुत कम है, टैंकर की जरूरत है।",Water,Medium,hi,web,2025-01-24T21:59:54
1124,"Hauz Khas ke paas streetlight 5 din se band hai aur kal raat loot ho gayi, mahilaye unsafe feel kar rahi hai, turant theek karo.",Lights,High,hinglish,phone,2025-06-26T07:25:24
1125,"A live wire has fallen near Ward 7 after last night's storm, very dangerous, someone could get electrocuted. please help",Electricity,High,en,app,2025-01-27T11:56:11
1126,"MG Road में खंभे की बत्ती एक महीने से बंद है, कृपया तकनीशियन भेजें। बहुत परेशानी हो रही है",Lights,Medium,hi,phone,2025-05-23T18:02:42
1127,"Salt Lake ke paas kal raat tufan ke bada tar toot gir gaya hai, bahut khatarnak hai, kisi ko current lag sakta hai.",Electricity,High,hinglish,app,2025-03-01T17:58:44
1128,"Saket के पास बड़ी आग लगने का खतरा बताया गया है, प्रशासन तुरंत कार्रवाई करे। बहुत परेशानी हो रही है",Other / Unknown,High,hi,whatsapp,2025-04-28T05:05:55
1129,सुझाव: Dwarka Sector 9 की पुरानी वायरिंग इस साल बदल दी जाए।,Electricity,Low,hi,web,2025-04-27T14:37:45
1130,"Rohini ke paas pani ki main pipeline fat gayi hai aur gharo me pani bhar raha hai, ganda jal mil raha hai, turant karwai karo.",Water,High,hinglish,phone,2025-03-09T13:56:46
1131,"Minor smell from the drain near Civil Lines, not urgent but could be cleaned.",Sanitation,Low,en,phone,2025-01-11T16:04:30
1132,"Nehru Colony ke paas ek streetlight thodi dim hai, urgent nahi badal di jaye to accha hai. please dhyan do",Lights,Low,hinglish,whatsapp,2025-03-21T11:54:59
1133,"Minor hygiene issue at the community clinic near Koramangala, not urgent. pls fix asap please look into this",Health,Low,en,web,2025-01-31T12:28:52
1134,"A huge trash pile near Ward 7 is rotting and attracting disease, urgent collection needed before it spreads illness. urgent!!!",Waste,High,en,web,2025-01-04T07:40:23
1135,"Andheri West के पास एक हफ्ते से बिजली बार-बार जा रही है, उपकरण खराब हो रहे हैं।",Electricity,Medium,hi,phone,2025-06-12T08:54:13
1136,Suggestion: add an extra streetlight near Koramangala park for better visibility.,Lights,Low,en,whatsapp,2025-05-17T10:14:02
1137,"MG Road ke paas 3 din se machhar badh rahe hai, log bimari failne se dar rahe hai. urgent hai",Health,Medium,hinglish,whatsapp,2025-04-18T17:32:07
1138,Streetlight near Koramangala has bene flickering and going off for a week now. urgent!!!,Lights,Medium,en,whatsapp,2025-03-26T10:59:36
1139,"All streetlights on the main stretch near Indira Nagar are out, pitch dark at night, very dangerous for commuters. need this fixed",Lights,High,en,app,2025-01-08T05:11:54
1140,सुझाव: Lajpat Nagar की खुली नाली को सुरक्षा के लिए ढक दिया जाए। बहुत परेशानी हो रही है,Sanitation,Low,hi,app,2025-05-07T19:11:51
1141,"Civil Lins ke paas 5 din se paani ka pressure bahut kam hai, tanker ki zarurat hai.",Water,Medium,hinglish,web,2025-04-09T09:20:31
1142,"Mayur Vihar ke paas naali 2 hafto se band hai, pani jama ho raha hai. urgent hai",Sanitation,Medium,hinglish,phone,2025-01-26T05:50:16
1143,"Hauz Khas में रात को निर्माण कार्य का बहुत शोर हो रहा है, एक महीने से यही हाल है। कृपया जल्दी करें जरूरी नहीं",Other / Unknown,Medium,hi,phone,2025-02-27T06:09:53
1144,Suggestion: please increase garbage collection frequency near Nehru Colony to twice a week. urgent!!!,Waste,Low,en,web,2025-03-19T19:23:48
1145,"Koramangala के पास कम्युनिटी क्लिनिक में मामूली सफाई की समस्या है, जरूरी नहीं।",Health,Low,hi,whatsapp,2025-03-23T22:40:46
1146,"Rohini के पास कम्युनिटी क्लिनिक में मामूली सफाई की समस्या है, जरूरी नहीं। कृपया जल्दी करें",Health,Low,hi,whatsapp,2025-03-01T20:26:55
1147,"Illegal parking near Model Town has been blocking the road for 5 days, please take action. please help",Other / Unknown,Medium,en,web,2025-01-28T20:08:41
1148,"The lamp post near Lajpat Nagar has been dark for a month, please send a technician. whenever convenient",Lights,Medium,en,app,2025-02-12T11:56:47
1149,"Koramangala ke paas sadak me bahut bada gaddha hai jiski wajah se kal accident ho gaya, please turant fix karo. urgent hai halat bigad rahi hai",Roads,High,hinglish,app,2025-03-10T05:47:46
1150,"Mayur Vihar के पास ट्रांसफार्मर से चिंगारी निकल रही है, बहुत खतरनाक है, आग लग सकती है, तुरंत कार्रवाई करें। बहुत परेशानी हो रही है",Electricity,High,hi,web,2025-03-12T07:29:35
1151,"Waste collection near Lajpat Nagar has been delayed for 2 weeks, smell is getting bad. please help",Waste,Medium,en,phone,2025-05-24T07:12:46
1152,सुझाव: Dwarka Sector 9 के पार्क में और बेंच लगाई जाएं। कृपया जल्दी करें कृपया ध्यान दें,Other / Unknown,Low,hi,app,2025-03-11T07:15:12
1153,Civil Lines ke paas sadak me 5 din se gaddha hai jisse traffic jam ho raha hai.,Roads,Medium,hinglish,phone,2025-01-26T23:04:26
1154,Suggestion: Green Park ki purani wiring is saal badal di jaye. pls jalid karo,Electricity,Low,hinglish,web,2025-04-03T20:57:35
1155,Suggestion: please increase garbage collection frequency near Lajpat Nagar to twice a week.,Waste,Low,en,whatsapp,2025-06-04T20:55:24
1156,"Green Park पास ट्रांसफार्मर से चिंगारी निकल रही है, बहुत खतरनाक है, आग लग सकती है, तुरंत कार्रवाई करें। हालत बिगड़ रही है",Electricity,High,hi,whatsapp,2025-04-22T06:34:19
1157,Vasant Kunj ke paas streetlight 2 hafto flicker kar rahi hai aur band ho jati hai.,Lights,Medium,hinglish,web,2025-06-02T21:46:26
1158,"A huge crater has opened up on the road at Sector 21, two bikes have already skidded, extremely dangerous. pls fix asap",Roads,High,en,web,2025-03-03T20:39:24
1159,"Sector 21 के पास पीने के पानी में सीवेज मिल रहा है, परिवार बीमार पड़ रहे हैं, तत्काल ध्यान दें। बहुत परेशानी हो रही है",Water,High,hi,whatsapp,2025-01-16T00:47:52
1160,"Sewage is overflowing into homes near Hauz Khas, extremely unhygienic and dangerous for children, urgent help needed. pls fix asap",Sanitation,High,en,web,2025-04-04T19:27:54
1161,"Ward 7 ke paas ek mahine se paani ka pressure bahut kam hai, tanker ki zarurat hai.",Water,Medium,hinglish,app,2025-03-12T14:29:09
1162,"Green Park के पास स्ट्रीट लाइट 2 हफ्तों से बंद है और कल रात लूट हो गई, महिलाएं असुरक्षित महसूस कर रही हैं, तुरंत ठीक करें।",Lights,High,hi,whatsapp,2025-01-17T20:01:29
1163,"Dwarka Sector 9 ke paas 5 din se bijli baar baar ja rahi hai, appliances kharab ho rahe hai.",Electricity,Medium,hinglish,whatsapp,2025-06-20T02:25:48
1164,"Rohini में सड़क अचानक धंस गई है, यह बहुत खतरनाक है, जल्द मरम्मत करें।",Roads,High,hi,whatsapp,2025-04-29T09:05:42
1165,"The drain near Gandhi Chowk has been blocked for 10 days, water is stagnating. please help",Sanitation,Medium,en,whatsapp,2025-04-12T05:23:11
1166,"Ward 12 ke paas dino se illegal parking road ko jam kar rahi hai, please karwai karo. pls jaldi karo jab time mile",Other / Unknown,Medium,hinglish,app,2025-05-06T21:36:19
1167,Hauz Khas में 5 दिनों से बार-बार बिजली कटौती हो रही है। बहुत परेशानी हो रही है,Electricity,Medium,hi,phone,2025-02-22T14:13:21
1168,Suggestion: please increase garbage collection frequency near Malviya Nagar to twice a week.,Waste,Low,en,app,2025-02-06T22:27:43
1169,सुझाव: Koramangala के पार्क में और बेंच लगाई जाएं। कृपया जल्दी करें,Other / Unknown,Low,hi,phone,2025-06-27T09:07:18
1170,"Shastri Nagar ke paas naali ek mahine se band hai, pani jama ho raha hai. urgent hai",Sanitation,Medium,hinglish,web,2025-06-01T12:15:50
1171,"Mosquito breeding has increased near Gandhi Chowk for a month, residents fear an outbreak. urgent!!!",Health,Medium,en,web,2025-05-20T09:44:16
1172,"Nehru Colony ki sabhi streetlights band hai, raat me pura andhera rehta hai, bahut khatarnak hai. pls jaldi karo",Lights,High,hinglish,whatsapp,2025-06-23T23:25:19
1173,"Green Park के पास 2 हफ्तों से मच्छरों का प्रकोप बढ़ रहा है, लोग बीमारी फैलने से डर रहे हैं।",Health,Medium,hi,app,2025-01-14T13:31:30
1174,"Green Prk me naali 10 dino se jam hai, badbu fail rahi hai. pls jaldi karo jab time mile",Sanitation,Medium,hinglish,whatsapp,2025-06-13T13:12:40
1175,"Waste collection near Mayur Vihar has been delayed for 2 weeks, smell getting bad. pls fix asap",Waste,Medium,en,phone,2025-04-04T12:40:53
1176,"Dwarka Sector 9 ke paas awara kutto ne do bachho ko kaat liya, please jaldi karwai karo.",Other / Unknown,High,hinglish,whatsapp,2025-02-27T07:19:30
1177,"Vasant Kunj के पास एक महीने से कचरे का ढेर लगा है, मेडिकल वेस्ट भी मिला है, चूहे और आवारा कुत्ते बढ़ रहे हैं, स्वास्थ्य के लिए खतरा है।",Waste,High,hi,phone,2025-02-26T09:34:29
1178,Suggestion: upgrade the old wiring near Model Town sometime this year.,Electricity,Low,en,whatsapp,2025-01-07T08:20:16
1179,Suggestion: Shastri Nagar ki khuli naali ko safety ke liye dhak diya jaye.,Sanitation,Low,hinglish,whatsapp,2025-04-02T05:46:28
1180,Hauz Khas ke paas streetlight 5 din se flicker kar rahi hai aur band ho jati hai.,Lights,Medium,hinglish,phone,2025-01-28T00:23:02
1181,"Malviya Nagar के पास सड़क में बहुत बड़ा गड्ढा है जिसकी वजह से कल एक दुर्घटना हो गई, कृपया तुरंत ठीक करें। कृपया ध्यान दें",Roads,High,hi,app,2025-02-12T14:47:49
1182,"A huge trash pile near Dwarka Sector 9 is rotting and attracting disease, urgent collection needed before it spreads illness.",Waste,High,en,web,2025-02-15T15:20:49
1183,सुझाव: Sector 21 के पार्क में एक और स्ट्रीट लाइट लगाई जाए।,Lights,Low,hi,app,2025-06-16T10:59:26
1184,"Stray dogs near Dwarka Sector 9 have been aggressive for 3 days, a resident was bitten.",Health,Medium,en,web,2025-02-03T09:02:30
1185,"Mayur Vihar me paani ki supply 2 hafto irregular hai, subah nal sookhe rehte hai. urgent hai",Water,Medium,hinglish,web,2025-05-16T01:46:06
1186,There have been frequent power cuts near Saket for 2 weeks now. urgent!!!,Electricity,Medium,en,web,2025-01-16T04:38:55
1187,"Malviya Nagar ke paas pani ki main pipeline fat gayi hai aur gharo me pani bhar raha hai, ganda jal mil raha hai, turant karwai karo. pls jaldi karo",Water,High,hinglish,phone,2025-06-12T04:30:36
1188,"Shastri Nagar के पास कल रात तूफान के बाद तार टूटकर गिर गया है, बहुत खतरनाक है, किसी को करंट लग सकता है। कृपया ध्यान दें",Electricity,High,hi,whatsapp,2025-03-14T07:50:56
1189,"Nehru Colony के पास फुटपाथ में छोटी सी दरार है, समय मिलने पर ठीक करवा दें।",Roads,Low,hi,app,2025-03-02T03:44:34
1190,सुझाव: Andheri West की पुरानी वायरिंग इस साल बदल दी जाए।,Electricity,Low,hi,web,2025-02-13T17:54:11
1191,"Sector 21 में रात को निर्माण कार्य का बहुत शोर हो रहा है, 5 दिनों से यही हाल है।",Other / Unknown,Medium,hi,phone,2025-04-01T04:38:25
1192,"Green Park me sadak ki halat 2 hafto se kharab hai, please theek karwao. urgent hai",Roads,Medium,hinglish,app,2025-05-07T01:20:52
1193,"Koramangala ke paas peene ke paani me sewage mix ho raha hai, family bimar pad rahi hai, turant dhyan do. urgent hai",Water,High,hinglish,phone,2025-03-09T08:14:14
1194,"Kalkaji के पास कचरे का बड़ा ढेर सड़ रहा है और बीमारी फैला रहा है, तुरंत उठवाएं। बहुत परेशानी हो रही है",Waste,High,hi,web,2025-02-02T08:32:33
1195,सुझाव: Green Park की सड़क का पुनर्निर्माण कर दिया जाए तो अच्छा रहेगा। कृपया जल्दी करें,Roads,Low,hi,phone,2025-01-18T05:09:55
1196,Suggestion: monsoon se pehle MG Road ke paas fogging karwai jaye. urgent hai,Health,Low,hinglish,phone,2025-02-15T21:37:43
1197,"Loud construction noise near Vasant Kunj at night for 3 days, disturbing residents.",Other / Unknown,Medium,en,web,2025-01-04T09:05:57
1198,"Indira Nagar में रात को निर्माण कार्य बहुत शोर हो रहा है, एक महीने से यही हाल है।",Other / Unknown,Medium,hi,app,2025-01-08T21:47:12
1199,"Minor voltage flicker near Shastri Nagar, not urgent but worth checking. please help",Electricity,Low,en,phone,2025-01-21T13:05:31
1200,"Kalkaji के पास एक महीने से अवैध पार्किंग सड़क को जाम कर रही है, कृपया कार्रवाई करें। बहुत परेशानी हो रही है सुझाव",Other / Unknown,Medium,hi,phone,2025-04-08T11:40:00
